标题,日期,板块,标的1,价格1,标的2,价格2,标的3,价格3,简述,推荐理由,预期,原文
【中金科技硬件】半导体设备速评,14:38,半导体设备,北方华创,¥335.15,,,,,北方华创二季度新签订单超预期，半导体设备板块迎交易性机会。,半导体设备板块经历资金轮动，北方华创新签订单反映国内先进工艺订单强劲，全年新签订单或超预期。,25年国内成熟制程需求旺盛，先进工艺有望增长，半导体设备板块短期交易性机会显现。,"【中金科技硬件】半导体设备速评

各位投资者好，今日半导体设备板块午后表现强势，引发市场关注。

近段时间我们路演明显感受到半导体设备板块处于一种人心思涨的状态。一方面，6月中上旬小幅回调过程中，一些极短期持仓的资金已经被洗出，具备上涨基础；另一方面，电子各细分赛道二季度热点不断，资金不断切换赛道，而设备板块还没有经历资金轮动。

我们对板块基本判断维持不变，25年国内成熟制程需求依然旺盛，先进工艺有望增长。短期，北方华创二季度新签订单超预期，其余半导体设备公司新签订单也保持旺盛增长，一定程度上反映了国内近段时间先进工艺订单较强，线性外推全年新签订单或存在超预期可能性，这也是目前市场交易的重要催化剂。

建议关注板块交易性机会。

欢迎联系我们团队交流！"
大金重工更新：Q2及今明两年业绩确定性强，远期成长空间大,14:38,风电,大金重工,¥33.02,,,,,大金重工Q2及今明两年业绩确定性强，海外项目占比高，远期成长空间大，产品结构向漂浮式过渡。,公司Q2海外海工到港项目充沛，业绩同比高增长确定性强；海外项目占利润60%-70%，交付可靠度高；产品结构向价值量更大的漂浮式过渡，自主运输船增厚潜在单位盈利。,预计2025、2026年净利润9.2、12.5亿元，对应PE分别为23.2X、17.1X，盈利预测有进一步上调可能。,"大金重工更新：Q2及今明两年业绩确定性强，远期成长空间大

# 近期大金重工涨幅明显，我们认为主要是：
（1）公司Q2海外海工到港项目充沛，Q2业绩同比高增长确定性强；
（2）公司海外项目占公司利润60%-70%，海外项目交付可靠度高，是风电里面少有的25、26年业绩确定性均比较强的公司，市场估值逐步向26年切换；
（3）远期成长逻辑较强：除了受益欧洲单桩类产品增长外，公司在产品结构上逐步望向价值量更大、空间更大的漂浮式过渡，还有自主运输船增厚潜在单位盈利。

# Q2发货&盈利测算
Q2海外海工到港项目梳理：Nordseecluster A阶段、WAK项目、sofia海塔、GE海塔，合计总重量预计4万吨以上，单吨净利预计约3500元/吨；24Q2公司确收的海外海工项目约3.3万吨，单吨净利约1800元，公司25Q2海外海工到港项目充沛，叠加Q2欧元升值，# 初步测算25Q2归母净利有望达到3亿或以上。

25年交付海外海工项目：DBB项目、sofia海塔、丹麦Thor、德国NSC项目A阶段、INCH CAPE海风项目、波罗的海急单，预计发运总量超过20万吨，# 确收量预计16万吨；海外项目执行可靠性强。

26年交付海外海工项目：德国NSC项目B阶段、锁产协议项目、沃旭海风项目、英国某项目海塔，合计近25万吨，# 预计确收25万吨。
-----------------
公司短中长期逻辑兼备：
（1）	Q2短期业绩确定性强，25、26年业绩可预见程度高；
（2）	中远期来看，产品结构上逐步望向价值量更大、空间更大的漂浮式过渡，还有自主运输船增厚潜在单位盈利；近期计划建设欧洲本地化建立总装厂也可一定程度规避此前市场担忧的贸易风险，强化本地化优势，且可以从生产流程、运费角度降本。

我们预计公司2025、2026年净利润9.2、12.5亿元，对应PE分别为23.2X、17.1X，且盈利预测有进一步上调可能，建议重点关注。"
【天风建材新材料】继中材科技、宏和科技后，当前位置建议关注国际复材,14:38,新材料,国际复材,¥4.14,生益科技,¥31.00,台光,,国际复材lowdk2供货量预计26年月均50-60万米，年化600-700万米，价格130元+，27年净利润约2.5亿。,国际复材通过自动化降本和材料配方优化，单吨能耗降低，产品价格区间20-70万元/吨，2025年LDK业务整体利润目标3000-4000万元。,2025年LDK布增量目标为百吨级，2024年电子布均价约3.4元/米，当前价格升至3.8-3.9元/米，预计Q2-Q3量价环比继续提升。,"【天风建材新材料】继中材科技、宏和科技后，当前位置建议关注国际复材

目前lowdk2供货量20-30万米，下游客户生益科技、台光、联茂、斗山等。26年出货量月均50-60万米，年化600-700万米，价格130元+，27年lowdk2净利润约2.5亿。

一、二代电子布low-dk2
1. 产能与投资
- 珠海基地：收购珠海工控产线后整合，目前有48个坩埚台位（漏板+拉丝机），采用坩埚法生产，年布产量约500万米，累计投资3-4亿元，单个坩埚投资近千万元。
- 长寿基地：有小电炉池窑生产LDK纱，产能较小。
- 扩产规划：珠海原计划96个台位，未来扩产体量及工艺仍在研讨，2025年LDK布增量目标为百吨级。
2. 技术与成本
- 生产工艺包括池窑法（仅长寿小电炉）和坩埚法（珠海主力），成品率约60%（行业优秀水平）。
- 新产线通过自动化降本（人工减少超50%）和材料配方优化，单吨能耗降低。
3. 价格与利润
- 产品价格区间20-70万元/吨，2025年LDK业务整体利润目标3000-4000万元。
- 向宏和供纱量约几十吨/年，属小批量供应。
4. 客户与市场
- 重点客户为生益科技（前期已达成战略合作），下游台光、联茂、斗山等企业正在推进合作。

二、普通电子布
1. 产能情况
- 总电子布产能约2亿米/年，厚布与薄布占比各约50%。
- 薄布以1080/2116系列为主，厚布（如7628）占比较少，应用场景偏向汽车等高端领域（技术要求高于工业电控柜）。
2. 价格趋势
- 2024年电子布均价约3.4元/米（含税），当前价格升至3.8-3.9元/米，预计Q2-Q3量价环比继续提升。

三、电子纱
1. 产能规划
- 现有电子细纱产能8万吨，2025年计划新增8.6万吨，年底前点火，新产线聚焦超细/极细纱（占比约50%），G75产品产量更高。
2. 价格变化
- 2024年细纱均价约8000元/吨，当前升至1.1万元/吨，价格上涨受风电需求旺盛（“十四五”收官年政策拉动）及行业成本底线驱动。"
【国金电新】AIDC跟踪点评：美取消EDA禁令，强化国内数据中心资本开支确定性,14:38,数据中心基础设施建设,麦格米特,¥49.90,欧陆通,¥119.41,中恒电气,¥14.79,美国取消EDA禁令，利好国内数据中心资本开支，推荐关注电源、柴发、液冷等相关标的。,禁令解除为国内芯片行业提供发展空间，催化AIDC建设资本开支，利好数据中心基础设施建设相关环节。,预计国内大厂在AIDC建设上的资本开支节奏及强度将进一步提升，相关标的业绩有望增长。,"【国金电新】AIDC跟踪点评：美取消EDA禁令，强化国内数据中心资本开支确定性

事件： 7月4日，Cadence公众号发布关于美国解除近期对华出口限制的声明，确认美国商务部工业与安全局已撤销其于2025年5月23日发出的信函中规定的出口限制，公司正在根据美国出口法律恢复受影响客户对我们软件和技术支持的访问权限；其他两大EDA巨头西门子、新思科技也已证实，正在恢复客户的访问。

EDA软件被行业称为“芯片之母”，是芯片IC设计不可或缺的重要部分，根据产业链反馈，禁令颁布后，国内芯片设计企业主要通过境外企业周转/绿色版/国产替代等方式支持工作，然而当前头部三家EDA厂商全球市场份额仍高达80%。

我们认为，此次禁令接触更多是为国内后续芯片行业发展提供更大的想象空间，# 从而催化国内大厂在AIDC建设上的资本开支节奏及强度，进一步利好数据中心基础设施建设相关环节及标的。

投资建议：

电源：国内高性能芯片的发展加速有望带动算力需求增长，有望提升对高效率电源的需求，建议关注单位价值量有望提升的AC/DC电源及HVDC设备，# 麦格米特、欧陆通、中恒电气、禾望电气、科华数据 等。

柴发：Q2潍柴业绩超预期彰显柴发业绩兑现，H2仍可期待大厂26年招标（同比预期双位数增长）、省地运营商数据中心建设、大厂及三方欧洲&东南亚数据中心建设等，预计仍催化较大行情；淡季低点建议布局：弹性最大标的# 潍柴重机（量或展望1500～1800台，价H2上浮10～20万元/台）、# 玉柴国际、# 科泰电源 等。

液冷：针对全球算力需求提升和“新基建”绿色发展使命带来的液冷环节投资机会，建议关注：1）液冷一体化方案提供商：#  申菱环境、同飞股份、高澜股份； 2）高价值量/国产化率较低的细分环节零部件供应商：# 科创新源、川环科技、飞龙股份、飞荣达。

联系人：姚遥/宇文甸/李轩宇/胡媛媛/曾爽"
重视数据中心板块投资机会,14:38,数据中心,润泽科技,¥49.04,万国数据,HK$32.20,世纪互联,HK$0.27,数据中心板块因REITS项目发行和Q2上架进度乐观表现优异，润泽科技和万国数据REITS项目估值显著，世纪互联上调EBITDA增速。,数据中心REITS项目改善现金流和资产负债情况，降低融资成本，为项目扩张提供资金支持；Q2上架进度超预期，AI带动需求旺盛，业绩兑现保障强。,REITS项目估值对应16.9倍、16倍2025年EV/EBITDA，5%现金分派率；世纪互联EBITDA增速上调至14%-16%，行业需求旺盛，业绩兑现有保障。,"重视数据中心板块投资机会

🎁近日万国数据、润泽科技等IDC板块标的市场表现优异，我们认为主要受到：1）两单数据中心公募REITS项目顺利完成发行定价，为二级市场提供有效的估值参考；2）Q2行业上架进度乐观，世纪互联上调全年业绩指引；3）下半年行业招标节奏或将提速等积极因素影响。

[太阳]关于数据中心REITS的发行：
此前我们多次强调数据中心REITS项目顺利发行对于行业定价的积极引导作用，近日万国数据/润泽科技REITS项目顺利完成定价工作，分别估值24亿元、45亿元，对应16.9倍、16倍2025年EV/EBITDA，对应5%左右现金分派率。我们认为REITS发行后：1）一方面将改善上市公司的现金流与资产负债情况，降低融资成本，为进一步项目扩张提供资金支持；2）另一方面也回答了成熟数据中心资产该如何估值的问题，成为IDC公司估值提升的催化剂。

[太阳]关于行业基本面——Q2上架进度乐观：
近日世纪互联发布公告，将2025年EBITDA增速由11%-14%上调至14%-16%，我们认为公司业绩指引上调主要受益于新项目上架进度超预期。近期我们也与多家行业内公司交流，新建数据中心项目上架进度均比较乐观，侧面反映出AI带动下数据中心行业的需求仍然旺盛，1H25业绩兑现有保障。

[太阳]相关公司包括：润泽科技、奥飞数据、光环新网、万国数据、世纪互联、数据港等。"
【天风电新】蔚蓝锂芯BBU更新：功率提升，空间扩容-0704,14:06,锂电池,蔚蓝锂芯,¥13.56,,,,,蔚蓝锂芯GB300下半年出货，BBU功率和ASP提升，预计25年主业利润7亿，BBU业务潜在利润3.5亿。,公司GB300相比GB200功率明显提升，BBU方案电芯需求增加，项目进展顺利，预计将带来显著收入和利润增长。,25年主业预计7亿利润，BBU业务潜在3.5亿利润，公司市值看245亿，约60%空间。,"【天风电新】蔚蓝锂芯BBU更新：功率提升，空间扩容-0704
———————————
GB300下半年逐步开始出货，标配的BBU链预计陆续有新进展。算力提升是趋势，BBU功率需求、ASP也在提升。

GB300相比GB200功率明显提升，对应到BBU方案，1）GB200：单机柜24组BBU，单组BBU电芯85颗，单机柜对应电芯约2000颗；2）GB 300：单机柜48组BBU，单组BBU电芯73颗，单机柜电芯约3500颗。

随着算力升级，PSU与BBU的功率需求均在上升。GB300单个PSU的设计功率大约是5.5kw（上一代3kw），预计未来向8.5kw、10kw迭代。

进展方面，公司跟B相关的几个项目进展顺利，其中一项目年底会产生收入，另两个项目也在进入下一阶段。

BBU空间：假设GB 300出货5万台，单台3500颗BBU电芯，对应BBU电芯1.75亿颗。2美元/颗（14元RMB），单柜价值量约5万，对应空间25亿元。

考虑普通数据中心有4.5亿颗左右BBU电芯+AIDC 1.75亿颗电芯，合计6.25亿颗，对应市场空间88亿元。

假设蔚蓝20%市占率，对应收入约17.5亿元，20%净利率对应净利润3.5亿元。

# 投资建议
25年主业预计7亿利润，当前PE 22X。BBU业务方面，公司一直重点对接台达、新普等，且项目进展顺利，多极耳、全极耳产品等待逐步落地。

主业7e，20X PE对应市值140亿；BBU 潜在3.5亿利润，30X，对应市值105e，若仅考虑BBU业务，公司看245亿，约60%空间，维持“重点推荐”。
———————————
欢迎交流：孙潇雅/薛舟"
世纪华通250704更新,14:38,手游与数据中心,世纪华通,¥11.90,,,,,世纪华通旗下点点互动手游表现卓越，全球收入排名上升；同时，公司参与上海和深圳数据中心项目，AI+IDC业务有望成为第二成长曲线。,点点互动手游在全球收入排行榜中表现亮眼，多款游戏在海外市场取得优异成绩；公司深度参与数据中心项目，AI+IDC业务潜力大，且国内传奇IP问题解决，治理改善，投资减值风险出清。,预计世纪华通手游业务将持续增长，AI+IDC业务有望贡献显著收入；国内传奇IP份额提升，公司治理和财务状况改善，为股价提供支撑。,"世纪华通250704更新

☀点点表现持续亮眼。根据Sensor Tower，5月点点互动《<e type=""web"" href=""https%3A%2F%2Fwx.zsxq.com%2Fmweb%2Fviews%2Fweread%2Fsearch.html%3Fkeyword%3D%E6%97%A0%E5%B0%BD%E5%86%AC%E6%97%A5"" title=""%E6%97%A0%E5%B0%BD%E5%86%AC%E6%97%A5"" style=""book"" />》表现卓越，在全球手游收入排行榜中上升一位至第二名；《<e type=""web"" href=""https%3A%2F%2Fwx.zsxq.com%2Fmweb%2Fviews%2Fweread%2Fsearch.html%3Fkeyword%3DKingshot"" title=""Kingshot"" style=""book"" />》高增长延续，在全球收入增长榜上排名第四，收入排名跃升36位至第29名；此外，点点在三消合成领域发力，目前已推出卡车题材的《<e type=""web"" href=""https%3A%2F%2Fwx.zsxq.com%2Fmweb%2Fviews%2Fweread%2Fsearch.html%3Fkeyword%3DTruck%20Star"" title=""Truck%20Star"" style=""book"" />》、寻物解谜题材的《Dream Detective: Merge Game》、农场题材《Family Farm Match》和烹饪旅行题材的《Tasty Travels》等多款游戏。根据APPMagic，6月《<e type=""web"" href=""https%3A%2F%2Fwx.zsxq.com%2Fmweb%2Fviews%2Fweread%2Fsearch.html%3Fkeyword%3DWhiteout%20Survival"" title=""Whiteout%20Survival"" style=""book"" />》和《<e type=""web"" href=""https%3A%2F%2Fwx.zsxq.com%2Fmweb%2Fviews%2Fweread%2Fsearch.html%3Fkeyword%3DKingshot"" title=""Kingshot"" style=""book"" />》分列中国手游出海榜的第一和第三位。点点在全球爆款产品端再下一城～

☀AI+IDC有望贡献第二成长曲线。公司深度参与上海数据中心项目和深圳数据中心项目，当前市值对AIDC业务的反应并不充分。

☀国内传奇份额有望提升，投资减值风险出清，完成财报调整。1）IP层面，国内传奇的独占性授权问题已解决；2）治理改善，盛趣第一代传奇制作人彭程回归，出任盛趣游戏总裁，战略聚焦传奇IP。3）公司在24年年报计提了较多投资减值（包括中手游、IDC板块），25年减值风险大幅减少。4）公司在24年报完成历史报表的调整溯源，计划以总价1元回购注销126,627,700 股，占回购注销前公司总股本的比例为 1.70%。"
有友食品回调点评：,14:06,食品饮料,有友食品,¥13.06,,,,,有友食品Q2收入预计同比增60%+，山姆渠道销售亮眼，产品矩阵完善助力多渠道发展。,公司基本面向好，Q2收入预计高增，产品矩阵持续完善，线上和线下渠道均有巨大潜力，量贩零食合作加深。,预计Q2单季度实现收入4.5亿+，同比增速60%+，利润有望实现四五十以上增长。,"有友食品回调点评：

[玫瑰] 公司今日股价异动，我们判断更多是资金层面因素影响，基本面向好趋势不改，Q2收入预计实现高增（收入60%+）。

[玫瑰]根据渠道反馈，山姆6月整体销售额近5KW量级（其中无骨鸭掌销量2820万、轻享时光700万，未来有望达到千万级别、酸汤双脆首月销售额1200万，且有进一步爬升趋势），#预计Q2单季度实现收入4.5亿+（同比增速60%+），业绩持续高增，净利率扰动因素较Q1少，利润有望实现四五十以上增长。

[玫瑰] 产品矩阵持续完善，#红利有望从山姆向其他渠道延伸。我们认为公司除山姆渠道外，传统渠道/量贩/线上未来均有巨大潜力，有望实现多渠道共振发展：1）线上渠道鸭脚筋产品持续放量，后续有望上新更多实验性新品（25M5线上同比+114%）；2）线下渠道H2将导入鸭脚筋、凤爪等热销产品，通过强产品力进一步提升渠道渗透率；3）量贩零食自身持续拓店叠加公司合作加深，将持续贡献新动能。维持强烈推荐！

[玫瑰]路演和反路演，欢迎联系CT食饮"
今天关于半导体设备两个驱动：,13:17,半导体设备,北方华创,¥335.15,中微,¥180.95,沐曦,¥132.95,北方华创和中微接获大单，沐曦等GPU公司Q3大规模出货，龙芯中科发布全国产供应链CPU，半导体设备景气度高。,半导体设备行业受益于先进制程设备大单、国产GPU大规模出货预期及全国产供应链CPU发布，景气度提升。,大摩预测2025年全球WFE市场规模增长至1090亿美元，中国为主要贡献者，Foundry/Logic设备支出新增约50亿美元。,"今天关于半导体设备两个驱动：

一个是北方华创接了一笔先进制程设备的大单子，Q2之前就有说华创，中微接了不少存储扩产的单子。之前国产算力建设在Q4昙花一现，随后因为买不到卡陷入停滞，沐曦，摩尔线程申请上市，包括昆仑芯，壁仞科技，都有指引Q3开始大规模出货，这些GPU，大于300亿晶体管，肯定都需要借助国产的先进制程，包括之前龙芯中科发布的CPU，宣称全部国产供应链。

Q2目前能见度，景气度最好的除了AI供应链，PCB，光模块，其次就是半导体设备。费城半导体历史新高，不仅仅只是AI芯片在涨，一些传统的专注于车规，工业，消费类的半导体也在偷偷新高，比如TI，意法，安森美，联电，日月光。存储已经率先涨价，DDR4的波动可谓非常疯狂，市场也在押注半导体周期的复苏。

另外一个是大摩研报，2025年全球WFE预测从同比增长2%上修至6%，中国贡献最主要。大摩将2025年全球WFE市场规模预测从1040亿美元上调至1090亿美元，同比由增长2%调升至6%，2026年预测略微上调至1100亿美元。此次上调主要归因于中国市场，特别是在Foundry/Logic设备支出方面新增约50亿美元"
🛫 大智慧：稳定币+券商互联网 新龙，继续强 call,13:14,互联网金融,大智慧,¥11.10,湘财智慧,¥10.40,,,大智慧因Robinhood美股代币化及湘财智慧合并，成为互联网金融新龙头，具备券商牌照和高月活用户。,Robinhood的美股代币化策略和湘财智慧的合并为大智慧带来了券商牌照和高月活用户，增强了其在互联网金融领域的竞争力。,预计大智慧将受益于全球美股代币化趋势和湘财智慧的合并，市值和用户活跃度有望进一步提升。,"🛫 大智慧：稳定币+券商互联网 新龙，继续强 call

💡 核心观点：Robinhood 美股代币化、湘大合并新互金平台、千万月活稳定币新龙高潜力。

1️⃣ Robinhood 美股代币化之路。近日，美 Robinhood 提出打造“美股代币化” 及 SpaceX/OpenAI 私募代币申购，再次打响全球 <e type=""hashtag"" hid=""51184848525544"" title=""%23%E7%A8%B3%E5%AE%9A%E5%B8%81%2BRWA%23"" /> 竞赛，市值突破新高；

2️⃣ 千万月活，全牌照回归。3月28日，公司公告换股方案，按湘财智慧 1:1.27 换股方案合并，具券商牌照、网点资质，后者/东财月活 1053.5/1514.18万；为东财 65-70%；此举将打造 “互金券商” 新龙头；

3️⃣ 香港：证券交易与 RWA 潜在新机。公司子公司 <e type=""hashtag"" hid=""28814141252241"" title=""%23%E8%89%BE%E9%9B%85%E6%96%AF%EF%BC%88AAS%EF%BC%89%23"" /> 为香港及周边地区证券、期货提供交易系统及结算系统解决方案，有望参与如 <e type=""hashtag"" hid=""48812121545248"" title=""%23%E7%A8%B3%E5%AE%9A%E5%B8%81%E5%8F%8ARWA%23"" /> 交易系统，受益国君国际等牌照商。

严重低估龙头，建议重视！

☎️ 联系：HCJSJ."
[烟花]美联新材：苊烯（EX）电子材料应用于高端覆铜板，获得海外大客户认可实现批量出口,12:45,电子材料,美联新材,¥11.29,,,,,美联新材的苊烯电子材料应用于高端覆铜板，获海外大客户认可并实现批量出口，全国独家生产。,公司是全国首家且唯一能生产苊烯单体并将其应用到电子材料领域的企业，已获得国外高端覆铜板头部客户认可，实现批量出口，且正在扩产以满足下游需求。,公司已建成EX电子材料年产能200吨，根据下游需求持续扩产中，预计将进一步扩大市场份额和提升业绩。,"[烟花]美联新材：苊烯（EX）电子材料应用于高端覆铜板，获得海外大客户认可实现批量出口

[太阳]控股孙公司辉虹科技生产的苊烯（EX）电子材料主要应用于高频覆铜板的电绝缘层，供给下游企业应用于M8及以上，终端应用于大数据运算中心、AI服务器/手机/PC、半导体芯片封装、云计算、5G与6G通讯设备、无人驾驶汽车等领域。

[太阳]目前公司是全国首家且唯一能生产苊烯单体并将其应用到电子材料领域的企业。公司已获得获得国外高端覆铜板头部客户认可，并已实现批量出口，已建成EX电子材料年产能200吨，根据下游需求持续扩产中。

[太阳]公司是色母粒龙头，亚洲最大的白色母粒制造商，是国内少数能同时批量化生产白色、黑色、彩色母粒和功能母粒的企业之一。正推进建设一期年产30万吨全流程色母粒、60万吨硫酸亚铁以及80万吨硫酸的项目，降低成本，资源整合。

[玫瑰]欢迎交流~"
东方港湾董事长但斌日前在出席一场高峰论坛时，以“扎根中国，走向世界”为题，对下半年机会进行了最新分享。主要观点如下：,13:05,人工智能,英伟达,HK$15.61,Meta,,Palantir,,但斌看好人工智能时代的长期投资机会，特别推荐英伟达、Meta和Palantir作为改变世界的公司。,但斌认为技术进步是推动全球财富增长的主因，人工智能时代将比前三个技术时代更具颠覆性，持续时间更长，创造的财富更多。,但斌预判2025年纳指可能上涨20%左右，人工智能相关公司如英伟达、Meta和Palantir将长期受益于技术进步。,"东方港湾董事长但斌日前在出席一场高峰论坛时，以“扎根中国，走向世界”为题，对下半年机会进行了最新分享。主要观点如下：
1、独立思考，独立的精神非常重要。4月份的时候美股暴跌、英伟达暴跌，当时网上羞辱我的人很多，当然今天至少目前他们鸦雀无声了。如果英伟达再跌，可能这批人又来了。
2、恐慌指数超过50，每次都是最好的历史性机会，这一次也是如此。今年4月标普500两天跌了10.5%，我在4月4号那天就写：跌幅已排在历史第五，过去9次，每次大跌后的一年、三年、五年回报率相当惊人。我说“美股目前这种暴跌走势，很容易见历史大底！坚持就是胜利！”
3、个人预判，2025年大概率会像处于互联网时代的1998年，当年受亚洲金融危机影响盘中曾最多跌30%，但到年终收市上涨；估计2025年纳指很有可能最终上涨20%左右。
4、全力以赴迎接一个新时代。我一直认为加息、减息，衰退等是次要原因，真正的主因，你看纳斯达克从71年成立到现在，推动全球财富增长最重要的原因是什么呢？是技术进步。
5、前三个时代都是十年以上的周期，那么人工智能时代大概率也是十年以上，不可能两年结束。如果AI时代是比前三个时代更具颠覆的一个技术进步，理论上它应该持续的时间更久，创造的财富更多。
6、要投资于“改变世界的公司”和“不被世界改变的公司”。过去我们主要选择的方向是不被世界改变的。今天东方港湾从中国走向全世界，现在的方向就是改变世界的。选择比努力重要”，投资要到波澜壮阔的方向上去选择。
7、人工智能的最大受益者是谁？毫无疑问就是类似于英伟达，Meta等相关的这样一些公司。我个人的体会还是要投“轻资产、高盈利”的商业模式。
8、你要怎样去赚到100倍呢？一定要用产业的眼光，要用10年、20年、30年的眼光。互联网的周期大概是30年，智能手机也20年了。从长视角看，我们仅仅处于AI爆发的第一天，一切就是刚刚开始。
9、对于东方港湾来说，我们主要还是集中在AI基础上，当然在垂直应用层，像Palantir，东方港湾也曾经持有过，这个方向它还是进可攻，退可守的。
10、如果我们能够活到像芒格，像巴菲特的年龄，如果再从业四十年，是有可能产生一个奇迹的。但是这个奇迹一定是我们扎根中国，放眼全球，从全球的角度，跟全世界最伟大的企业共同成长，这样可能性会更大一点"
【华西通信】持续推荐TCL科技，长期价值凸显,12:45,"显示面板,新能源光伏",TCL科技,¥4.44,,,,,TCL科技显示面板业务受益于行业供需改善和国补政策，新能源光伏板块25Q1大幅改善，公司长期价值凸显。,显示面板竞争格局优化，供需平衡面板价格稳定向好；新能源光伏板块经历行业调整后，经营情况大幅改善；公司发布股权激励计划，推动长期价值实现。,2025年营收增速不低于65.44%或归母净利润增速不低于89.38%，即2025年营收不低于2729.2亿元或归母净利润不低于29.6亿元。,"【华西通信】持续推荐TCL科技，长期价值凸显
[爱心]1、显示面板竞争格局向好，供需平衡面板价格稳定向好
半导体显示业务营收持续高速增长，其一供给层面行业竞争格局优化，按需定产使得整体产业链供需相对平衡；其二国补政策持续加速大尺寸化进程，全球电视零售市场保持平稳，全球电视平均尺寸同比提升1.5寸以上，面板需求面积持续增长，推动产能利用率上升。电视面板价格经过24H1温和上涨后，在24Q3小幅回调后，24Q4-25Q1企稳并小幅上涨。大尺寸化以及国补相关政策催化带来的平均尺寸增长，行业供需关系持续改善，主流产品价格整体高于去年同期。
[爱心]2、少数股权收购，增厚显示面板归母业绩
25H1公司完成LGD广州产线收购，并于Q2开始并表，以及7月1日t6、t7两条十一代线少数股权收购，有望整体提高显示业务归母净利润。
[爱心]3、新能源光伏板块25Q1大幅改善
2025Q1主产业链供需比有所改善，价格回升，实现营收61亿元，归属其股东净利润-19.06亿元，环比改善49%，影响TCL科技归母净利润-5.7亿元。在经历 2024 年行业深度调整后，光伏行业各环节通过行业自律实现产业竞争格局优化，TCL中环积极践行行业自律，相对竞争力明显提升，主要业务板块经营情况大幅改善。
[爱心]4、股权激励计划发布，少数股权过户，推动显示业绩增长以及公司长期价值实现，在当下稳定基本面向好背景下，公司长期价值凸显
2025年6月30日公司发布2025年员工持股计划，覆盖包含公司中高层管理人员和优秀核心骨干员工共计3600人，总资金不超过8亿元。公司关键业绩指标为2024年和2025年归母净利润同比增长率平均不低于30%或2024年和2025年营收同比增长率平均不低于30%。根据业绩指标测算，2025年业绩目标将为营收增速不低于65.44%或归母净利润增速不低于89.38%，即2025年营收不低于2729.2亿元或归母净利润不低于29.6亿元。
通过持股计划，建立健全的中高层管理人员及优秀核心员工“风险共担、利益共享”机制，通过长期激励实现共同利益与可持续发展。
[爱心]5、风险提示：面板价格波动影响；先进显示技术快速商用，LCD面板产能过早淘汰；TCL中环业绩波动对公司业绩影响；需求恢复不及预期；系统性风险带来TCL中环股价大幅下降；地缘政治等系列风险；系统性风险。
华西证券通信团队 马军S1120523090003/柳珏廷"
中材科技：电子布“大满贯”，继续重点推荐【国金建材新材料李阳团队】,12:44,"电子布,特种玻纤",中材科技,¥22.21,,,,,中材科技在电子布领域实现'大满贯'，特别是在Low-DK电子布和石英纤维布（Q布）方面技术领先，受益于AI-PCB产业链的高景气。,公司子公司泰玻技术规模兼备，具备年产1200万米Low-Dk电子布供应能力，并加速扩产及技术储备，同时传统主业玻纤和风电叶片也贡献业绩增量。,随着AI服务器、高阶交换机等需求的增长，以及风电行业的复苏，中材科技的业绩有望在半年报中得到显著改善，特别是在Low-Dk电子布和风电叶片领域。,"中材科技：电子布“大满贯”，继续重点推荐【国金建材新材料李阳团队】

（1）近期AI-PCB产业链催化：MARVELL最新AI Day预测，上调28年数据中心Capex以及ASIC预期。
除AI服务器外，高阶交换机、光模块、ASIC均开始使用Low-DK电子布。此外，随着产品迭代，NV新品后续可能会使用到石英纤维布（Q布），相较Low-DK一代/二代，Q布介电性能有明显提升。

（2）特种玻纤板块持续高景气，①Low-Dk有望受益GB200发货环比提升，以及二代有望受益GB300发货预期；②Low CTE，日商三菱化学发出通知，因Low-CTE玻纤布原料短缺、以及订单需求增加，导致其BT载板材料交期大幅拉长，目前部分Low-CTE玻纤布交期达16-20周。

（3）Low-Dk需求扩张，子公司泰玻技术规模兼备：英伟达将GB200NVLink设计从基于HDI+铜连接更改为高层高频低介电PCB。24Q4以来国内企业扩产趋势明确，泰玻目前已具备年产1200万米供应能力，加速一代扩产产能，同时提前储备二代低介电技术。

（4）传统主业方面，玻纤/风电叶片贡献业绩增量：①玻纤，供给端25H2可见新增产能预计减少。②叶片，1-5月风电行业招标、核准、开工三旺，国内多个重点海风项目海上施工启动。同时Q2起风机叶片涨价落地，叶片等零部件环节业绩改善弹性有望在半年报中得到验证。③隔膜，预计客户结构持续改善。

深度报告链接：<e type=""web"" href=""https%3A%2F%2Fmp.weixin.qq.com%2Fs%2Fcl2V1QgHLm6hjOyjtE0rqA"" title=""%E4%B8%AD%E6%9D%90%E7%A7%91%E6%8A%80%EF%BD%9C%E6%B7%B1%E5%BA%A6%EF%BC%9ALow-Dk%E5%8A%A0%E9%80%9F%E6%88%90%E9%95%BF%EF%BC%8C%E2%80%9C%E9%A3%8E%E2%80%9D%E9%A9%B0%E2%80%9C%E7%94%B5%E2%80%9D%E6%8E%A3%EF%BC%8C%E5%85%B1%E6%8C%AF%E5%90%91%E4%B8%8A%E3%80%90%E5%9B%BD%E9%87%91%E5%BB%BA%E6%9D%90%E5%BB%BA%E7%AD%91%E6%96%B0%E6%9D%90%E6%96%99%E6%9D%8E%E9%98%B3%E5%9B%A2%E9%98%9F%E3%80%91"" />

🔥进门财经- 电子布/铜箔专家交流， Low-DK/CCL/pcb 新材料专题交流链接：<e type=""web"" href=""https%3A%2F%2Fwww.comein.cn%2Froadshow%2Fhome%2F390959"" title=""%E8%BF%9B%E9%97%A8-%E9%A2%86%E5%85%88%E7%9A%84%E6%9C%BA%E6%9E%84%E6%8A%95%E7%A0%94%E6%9C%8D%E5%8A%A1%E5%B9%B3%E5%8F%B0"" />

欢迎交流：【国金建材新材料】李阳15270997227/赵铭13958895503"
【国信电子｜扬杰科技推荐与更新】由“换股+现金”调整为以“现金”方式收购贝特电子,12:44,电子,扬杰科技,¥49.85,,,,,扬杰科技调整收购贝特电子方案为全现金方式，避免股本摊薄，增强保护器件实力。,收购方式调整避免股本摊薄，保证股东分红；公司资金充足，自有资金收购提升交易效率；贝特电子经营良好，24年营收8.26亿元净利润1.5亿元，今年稳定增长。,收购顺利将增强公司保护器件实力，看好中长期“双品牌”覆盖国内外市场的全球化业务能力，维持“优于大市”评级。,"【国信电子｜扬杰科技推荐与更新】由“换股+现金”调整为以“现金”方式收购贝特电子

➡公司发布公告调整贝特电子收购方案：由以发行股份及支付现金方式调整为以现金方式收购贝特电子的全部或部分股份。

⭕我们认为本次收购方式调整避免股本摊薄，保证了股东分红；截至1Q25公司货币现金40亿，资金充足，自有资金收购亦有利于提升交易效率。目前贝特电子经营情况良好，24年营收8.26亿元净利润约为1.5亿元，今年保持稳定增长。

⭕收购方案向有利于投资人权益方向调整，若本次收购顺利，公司保护器件实力将进一步增强。我们坚定看好中长期公司“双品牌”覆盖国内外市场的全球化业务能力，维持“优于大市”评级。

☎欢迎联系国信电子团队：胡剑/胡慧/叶子19842617551/张大为/詹浏洋/李书颖/连欣然"
【东吴计算机】脑机接口大涨，持续关注,12:45,脑机接口,塞力医疗,¥21.08,创新医疗,¥15.93,三博脑科,¥50.55,脑机接口技术获政策支持，非侵入式商业化快速落地，侵入式进入临床试验阶段，塞力医疗、创新医疗、三博脑科等公司受益。,政策支持加大脑机接口相关投入，非侵入式商业化快速落地，侵入式进入临床试验阶段，国家医保局为脑机接口技术建立专项收费标准体系，马斯克侵入式脑机接口节奏规划超预期。,脑机接口作为重要未来产业之一，未来相关催化有望持续，政策推进和研发进展是关键。,"【东吴计算机】脑机接口大涨，持续关注

昨日美股脑再生科技大涨122%，今日创新医疗、塞力医疗等脑机接口标的新高。
我们去年12月发布脑机接口行业深度，强调政策支持加大脑机接口相关投入，非侵入式商业化快递落地，侵入式进入临床试验阶段，有望迎来密集催化。

今年以来，我们持续跟踪产业进展，逐步验证观点：国家医保局为脑机接口技术建立专项收费标准体系，马斯克侵入式脑机接口节奏规划超预期，国内侵入式临床试验持续突破，头部公司非侵入式康复产品陆续落地。

我们认为脑机接口作为重要未来产业之一，未来相关催化有望持续。
建议关注：塞力医疗、创新医疗、三博脑科、岩山科技、诚益通等。

风险提示：政策推进不及预期，研发进展不及预期"
[太阳]【申万化工】亚钾国际点评：钾肥大合同落地，公司量价齐升趋势明显，成长空间显著,12:03,钾肥,亚钾国际,¥30.12,,,,,亚钾国际受益于钾肥大合同落地及项目进展顺利，量价齐升趋势明显，成长空间显著。,钾肥进口合同价格达成一致，国内售价持平，港口库存降低，叠加中东冲突影响供给，俄罗斯及白俄罗斯减产挺价，钾肥景气有望维持高位。公司项目进展顺利，产能有望接近500万吨，收购179矿股份进一步增厚归母权益。,钾肥景气有望维持高位，公司年底实际产能有望接近500万吨，量价齐升趋势明显。,"[太阳]【申万化工】亚钾国际点评：钾肥大合同落地，公司量价齐升趋势明显，成长空间显著

[玫瑰]#中国大合同已定、供给端支撑力度强、景气维持中高位。中方钾肥进口谈判小组与食安供应链有限公司（迪拜）就2025年钾肥年度进口合同价格达成一致，合同价格为346美元/吨CFR。按照7.2汇率、9增值税、200左右港杂费，此次大合同价格对应国内售价约2915元/吨，持平于国内售价。当前钾肥国储释放完后，港口库存自年初300万吨降低至目前180万吨以下，叠加中东冲突影响ICL等厂家供给，俄罗斯及白俄罗斯减产挺价，钾肥景气有望维持高位。

[玫瑰]#年内规划项目陆续落地、公司量价齐升。公司三号井及小东部矿区工程进展顺利，预计年内持续放量。当前第一个百万吨项目超产能力达1.3-1.5，第二个百万吨项目超产能力达1.5，第三个百万吨项目超产能力达1.8，年底实际产能有望接近500万吨

[玫瑰]#179矿股份完成收购、归母进一步增厚。凭借股东汇能集团18亿贷款支持，公司以公开摘牌方式收购中农持有的179矿28.1447%股权，对价17.82亿元，至此179矿权持股比例提升至100%，进一步增厚归母权益"
【创新药观点分享】创新药持续上涨，是政策面、基本面、外部环境相对好、科技内板块比较等多重因素的共振，从中长期维度来看，产业趋势刚刚开始，中国创新正在逐步引领世界，还有很大空间。,12:45,创新药,信达生物,HK$86.05,康方生物,HK$115.40,三生制药,HK$25.40,创新药领域，特别是二代IO和ADC技术，中国在全球占比超过50%，信达生物、康方生物等公司在肿瘤治疗领域展现领先优势。,政策面、基本面及外部环境利好，中国创新药在全球占比高，特别是在二代IO和ADC领域，相关公司如信达生物、康方生物等在技术和适应症上有差异化优势，有望实现出海。,二代IO和ADC市场空间有望分别超越500亿美金，相关公司如信达生物、康方生物等有望在肿瘤治疗领域实现重大突破和出海机会。,"【创新药观点分享】创新药持续上涨，是政策面、基本面、外部环境相对好、科技内板块比较等多重因素的共振，从中长期维度来看，产业趋势刚刚开始，中国创新正在逐步引领世界，还有很大空间。

在肿瘤领域，PD-1+化疗的治疗模式正在逐步被二代IO（双抗）+ADC所取代，而在双抗和ADC领域，中国创新药占全球相关技术的比例均超过50%，PD-1/VEGF中国管线占比更高，进度更加领先。从市场空间角度，二代IO和ADC有望分别超越500亿美金（考虑二代IO更长的治疗时间）。当下，建议更关注具备确定性的二代IO：信达生物（差异化针对冷肿瘤，适应症与PD-1/VEGF差异化有望实现较大出海机会）、康方生物（PD-1/VEGF目前进度最快的公司，会是大药企竞相考虑的对象）、三生制药（携手辉瑞，一年维度有望进入密集三期阶段）。

肿瘤靶向治疗正在孕育新一代分子迭代机会，建议核心关注百济神州（血液瘤夯实龙头地位，CDK4、KRAS、EGFR CDAC等有望打开大赛道空间）、迪哲医药（四代EGFR初步趋势优异未来有望一线替代奥希替尼，舒沃替尼美国获批验证公司能力）

其他重点关注具备BIC出海潜力公司：恒瑞医药（国际化持续加速，创新药收入加速增长）、科伦药业/博泰（默沙东合作管线持续加速，新一代ADC有望带来出海潜力）、石药集团（EGFR ADC潜在出海有望带来估值重塑）、中国生物制药（管线有望进入国际化时期，主业稳健）、泽璟制药（ZG006出海确定性较高，ZG005有望逐步打开肝癌、肺癌等实体瘤空间）。

其他公司：特宝生物、荣昌生物、翰森制药、艾力斯、和黄医药、百利天恒、华东医药、新诺威、康诺亚等继续推荐。

风险提示：政策变化风险、估值波动风险
资料来源：医药周报、医药2025年度策略报告、公司公告等

以上若您感兴趣，期待与您路演或者是微信交流^^"
【申万家电】华翔股份：从2022到2025，从寂静到喧哗，持续强call推荐,12:02,"家电,汽车零部件,机器人",华翔股份,¥17.89,,,,,华翔股份白电业务受益下游高景气，汽零业务与华域汽车合作预计25年收入翻倍，机器人业务布局加速，军工业务有望放量。,白电业务技改提升盈利能力，汽零业务战略合作推动收入增长，机器人及军工业务打开新成长空间。,预计25-27年归母净利润分别为6.03/7.08/8.12亿元，同比+28%/+17%/+15%，当前市盈率分别为15/13/11倍。,"【申万家电】华翔股份：从2022到2025，从寂静到喧哗，持续强call推荐

[太阳]# 白电业务： 受益下游白电排产高景气，同时机加工比例持续提升，增厚纵向产业链价值量，预计25H1收入同比10+%；# 汽零业务： 与华域汽车达成战略合作，25H1预计同比+70%，毛利率环比快速提升，我们预期25年汽零收入翻倍； # 工程机械： 主要出口区域为欧洲，对美业务及收入敞口小，受欧洲经济景气度等因素影响较大，预计25H1同比-30%；# 晋源3月底重启，Q2预计贡献5000万收入。

[庆祝]机器人业务方面，华翔作为美的美芝压缩机核心供应商，市场或预期公司有望成为美的机器人潜在供应商，此外公司24年11月在广州注册“华翔智能科技”经营范围新增工业机器人，25年3月在上海注册“华翔智创机器人科技”，目前采用给主机厂送样＋看项目两条腿走路，公司有意在机器人产业布局。

[礼物]军工业务方面经过多年储备，有望迎来收入放量期。
[烟花]公司白电业务单项赛道冠军多年，技改持续拉动盈利能力提升，叠加汽零、军工、机器人等新型赛道打开长期成长空间天花板，我们预计25-27年分别可实现归母净利润6.03/7.08/8.12亿元，同比+28%/+17%/+15%，对应当前市盈率分别为15/13/11倍，#维持“买入”评级。"
【浙商计算机】长亮科技：寻找合作伙伴，掘金稳定币,12:03,金融科技,长亮科技,¥18.13,,,,,长亮科技计划进军稳定币领域，与渣打银行等合作，研究数字化解决方案，海外营收领先，腾讯持股并合作。,公司与渣打银行有长期合作，海外营收显著领先，腾讯持股并深度合作，稳定币领域具有高效低成本支付和全球数字金融竞争的战略意义。,香港将于2025年8月1日实施全球首个全面稳定币监管框架，公司有望在稳定币领域获得更多合作机会。,"【浙商计算机】长亮科技：寻找合作伙伴，掘金稳定币

[太阳]事件驱动
公司计划进军稳定币，正从两方面开展工作：1）研究基于稳定币发行、运营、交易场景的数字化解决方案，向行业推出；2）通过部分合作伙伴与客户群体，展开市场研究，争取合作的机会。

[太阳]公司看点
#长亮科技与香港稳定币沙盒参与方渣打存在长期业务合作。香港稳定币沙盒测试共三家，渣打居其一（另外两家为京东币链及圆币）。长亮科技香港子公司乾坤烛历史上多次为渣打银行提供CORE系统、COPIA交易平台等银行IT系统，覆盖地区包括中国香港、中国台北、新加坡、伦敦。

#公司海外营收领先，跑通出海路径。公司2016年开始出海，2024年海外营收1.29亿元，海外营收占比7.43%，显著领先于其他银行IT可比公司（神州信息、宇信科技2024海外营收不足千万元）。公司中标泰国SCB银行核心系统项目，是中国企业首次在东南亚建设大型银行核心系统，打破欧美企业垄断，未来有望持续中标。

#腾讯持股0.72%，为第七大股东，且与公司在金融科技领域有紧密业务合作。公司深度参与微众银行核心系统建设，与腾讯云签署战略合作协议，推动互联网金融、跨境金融、海外业务等金融领域的发展。考虑到小米、蚂蚁、京东等科技大厂纷纷布局稳定币，未来腾讯存在下场的可能。

[太阳]稳定币战略意义凸显
#高效、低成本支付。稳定币依托区块链实现点对点实时清算，手续费低至0.01至0.001美元，远低于传统模式的1.8%至2.5%，结算时间也由5-7天缩短至几分钟甚至几秒。
#全球数字金融竞争的关键工具。稳定币与法币挂钩，伴随稳定币在全球市场的加速渗透，国家法币的影响力将水涨船高。
#监管框架即将落地。香港地区将于2025年8月1日实施全球首个全面稳定币监管框架，标志着其在Web3.0和加密金融领域的战略布局正式落地。
#货币政策委员黄益平：在香港做盯住离岸人民币的稳定币，这是一种可能性。

风险提示：竞争风险、政策风险、需求变化风险"
【中金传媒】长视频1H25：竞争略有承压，深化会员运营,12:02,长视频,芒果超媒,¥21.24,爱奇艺,,,,芒果超媒和爱奇艺在长视频行业中表现领先，建议关注其在新一轮内容投入周期的弹性。,长视频行业在当前内外部竞争环境下表现略有承压，但芒果超媒和爱奇艺通过独播大剧内容和会员梯度化运营策略提升竞争优势。,维持覆盖公司盈利预测、评级和目标价不变，推荐关注芒果超媒和爱奇艺在新一轮内容投入周期的表现。,"【中金传媒】长视频1H25：竞争略有承压，深化会员运营

根据云合数据，剧集：1H25全网国产新剧供给略增，而库存剧供给大幅下降，整体内容呈现结构短篇化、大剧独播深化以及平台加速推进会员梯度化运营的策略；综艺：1H25全网电视综艺Top20累计有效播放量同比下降31%，网综累计有效播放同比下降19%。

☀评论
1⃣剧集播放侧：各平台竞争相对胶着，独播策略深化、会员梯度化运营推进。根据云合，分平台：1H25分平台剧集正片有效播放市占率来看，爱奇艺和腾讯视频相对领先，且两者较为胶着，两者2Q25市占率分别为26.9%和25.7%，而优酷视频市占率逐渐靠近第一梯队，芒果TV市占率位列第四。分内容：1H25剧集播放量前三依次为《<e type=""web"" href=""https%3A%2F%2Fwx.zsxq.com%2Fmweb%2Fviews%2Fweread%2Fsearch.html%3Fkeyword%3D"" title=""%E6%9F%A5%E6%89%BE%E5%9B%BE%E4%B9%A6"" />大奉打更人》《<e type=""web"" href=""https%3A%2F%2Fwx.zsxq.com%2Fmweb%2Fviews%2Fweread%2Fsearch.html%3Fkeyword%3D"" title=""%E6%9F%A5%E6%89%BE%E5%9B%BE%E4%B9%A6"" />藏海传》《<e type=""web"" href=""https%3A%2F%2Fwx.zsxq.com%2Fmweb%2Fviews%2Fweread%2Fsearch.html%3Fkeyword%3D"" title=""%E6%9F%A5%E6%89%BE%E5%9B%BE%E4%B9%A6"" />国色芳华》，均为古装剧，且均为平台独播。我们认为，各平台在当下竞争环境下，更倾向于以独播大剧内容拉新促活，提升竞争优势。此外，从排播策略上，“锁集、SVIP、点映/加更/收官礼等权益礼包”类会员权益与付费服务进一步增加， 1H25上新国产新剧中，55%左右的剧集均启用“SVIP提前看、点映加更收官礼包、锁集”模式排播，同比增加11~23ppt。我们认为，当前阶段长视频行业仍面临外部娱乐内容的竞争冲击，而行业内部在近年来降本增效策略推进下，内容投入更加谨慎，也更加注重用户侧的商业化，后续关注新一轮投入周期下头部内容的表现。

2⃣综艺播放侧：芒果TV市占率保持第一，后续关注广告主预算恢复弹性。分平台：1H25芒果TV综艺优势较为稳固，市占率领先，其2Q25市占率为31.3%，腾讯视频和爱奇艺紧随其后，优酷视频位列第四。分内容：1H25播放量前三网络综艺分别为《<e type=""web"" href=""https%3A%2F%2Fwx.zsxq.com%2Fmweb%2Fviews%2Fweread%2Fsearch.html%3Fkeyword%3D"" title=""%E6%9F%A5%E6%89%BE%E5%9B%BE%E4%B9%A6"" />哈哈哈哈哈第5季》《<e type=""web"" href=""https%3A%2F%2Fwx.zsxq.com%2Fmweb%2Fviews%2Fweread%2Fsearch.html%3Fkeyword%3D"" title=""%E6%9F%A5%E6%89%BE%E5%9B%BE%E4%B9%A6"" />乘风2025》《<e type=""web"" href=""https%3A%2F%2Fwx.zsxq.com%2Fmweb%2Fviews%2Fweread%2Fsearch.html%3Fkeyword%3D"" title=""%E6%9F%A5%E6%89%BE%E5%9B%BE%E4%B9%A6"" />大侦探·拾光季》；1H25播放量前三电视综艺分别为《<e type=""web"" href=""https%3A%2F%2Fwx.zsxq.com%2Fmweb%2Fviews%2Fweread%2Fsearch.html%3Fkeyword%3D"" title=""%E6%9F%A5%E6%89%BE%E5%9B%BE%E4%B9%A6"" />奔跑吧第9季》《<e type=""web"" href=""https%3A%2F%2Fwx.zsxq.com%2Fmweb%2Fviews%2Fweread%2Fsearch.html%3Fkeyword%3D"" title=""%E6%9F%A5%E6%89%BE%E5%9B%BE%E4%B9%A6"" />你好星期六2025》《无限超越班2025》。根据云合，1H25头部综艺仍以综N代为主，台综、网综Top20中的综N代有效播放占比均超96%。我们认为，当前广告招商环境仍相对承压，建议关注广告主预算恢复弹性。

3⃣供给侧：1H25行业整体剧集上新同比减少，其中国产新剧同比微增。分平台来看，爱奇艺、腾讯视频和优酷的上新国产剧部数均同比下降，芒果TV上新国产剧部数同比微增。

☀估值与建议
我们认为长视频行业在当前内外部竞争环境下，表现略有承压，建议关注新一轮内容投入周期的弹性。维持覆盖公司盈利预测、评级和目标价不变，推荐芒果超媒和爱奇艺。"
[烟花]【天风医药】中源协和重点推荐：牙周炎2期数据有望近期读出，VUM02失代偿期肝硬化2期临床年内有望入组,10:38,生物医药,中源协和,¥25.87,,,,,中源协和干细胞新药牙周炎2期数据即将公布，VUM02失代偿期肝硬化2期临床年内启动，布局10个适应症，国内领先。,公司干细胞新药适应症布局完善，进度国内较快，牙周炎和肝硬化市场空间大，当前治疗手段有限，新药有望填补市场空白。,牙周炎2期数据近期公布，VUM02肝硬化2期临床年内入组，新药进展有望推动公司业绩增长。,"[烟花]【天风医药】中源协和重点推荐：牙周炎2期数据有望近期读出，VUM02失代偿期肝硬化2期临床年内有望入组

公司干细胞新药合计10个适应症获批IND，适应症布局完善，国内进度较快。其中：
1）牙髓间充质干细胞：参股子公司三有利和泽，慢性牙周炎适应症，2期临床204例受试者已入组结束，有望近期读出数据。国内35岁以上成年人中约62.3%患不同程度的牙周炎，其中中重度牙周炎患者 9790 万，当前治疗手段以物理疗法为主，缺少特效药，市场空间广阔，目前三有利和泽牙周炎适应症是国内干细胞的领域唯一在研。

2）VUM02：全资子公司武汉光谷中源，8个适应症获批临床，其中失代偿期肝硬化进度较快，有望年内开始2期临床入组。同时布局了肺纤维化、COPD、病毒感染等较大适应症。

欢迎联系天风医药杨松/李臻"
❗【天风电新】AIDC更新14：全球AI算力共振，关注海内、外低位补涨机会-0704,12:02,AI算力,宏和科技,¥18.41,平安电工,¥36.81,德福科技,¥24.40,全球AI算力共振，关注海内外低位补涨机会，重点推荐电子布&铜箔、铜缆、电力电子相关、UPS&HVDC、液冷及其他、变压器等产业链标的。,海外算力趋势持续加强，英伟达高端AI芯片GB300 NVL72出货稳步提升，预计Q3开始出货GB300，海外算力股价创新高，国产算力链板块在持续利好催化下已展现向上趋势。,预计GB200-NVL72出货稳步提升，每周1000台左右（年化5万台），Q3开始出货GB300，海外算力股价创新高，国产算力链板块展现向上趋势。,"❗【天风电新】AIDC更新14：全球AI算力共振，关注海内、外低位补涨机会-0704
———————————
我们在月初定调接下来的方向：AI算力先行(通胀方向)，再应用（roboX），目前仍维持判断，给予重点推荐。

近期海外算力趋势持续加强，龙头英伟达指引GB200-NVL72出货稳步提升，预计后续每周1000台左右（年化5万台），预计Q3开始出货GB300，海外算力股价创新高。
此外，CoreWeave首次从市面获得英伟达高端AI芯片GB300 NVL72，趋势持续强化。

我们维持此前判断，#算力方向利空出尽利好持续催化、不同细分领域处于不同阶段有不同机会（有持续加速放业绩、有订单在手将放业绩等）。

#我们认为仍需继续重点关注处于底部震荡、筹码结构较好的海外算力补涨机会&国产算力链板块；近期相关标的在持续利好催化下已展现向上趋势。
 
🌼投资建议：重点关注充分受益于国内&海外AIDC的产业链重点标的： 
1、电子布&铜箔：【宏和科技】、【平安电工】、【德福科技】等；

2、铜缆：【沃尔核材】、【精达股份】、【泓淋电力】等；

3、电力电子相关：【麦格米特】、【欧陆通】、【蔚蓝锂芯】、【江海股份】等；
 
4、UPS&HVDC：【中恒电气】、【禾望电气】等；

5、液冷及其他：【英维克】、【川环科技】、【飞龙股份】、【申菱环境】等；

6、变压器：【金盘科技】、【明阳电气】等。
———————————
欢迎交流：孙潇雅/高鑫"
【四论复合集流体】涨到这位置，龙头还具有性价吗—继续重点推荐材料龙头宝明科技,10:38,复合集流体材料,宝明科技,¥69.37,,,,,宝明科技复合铜箔已实现批量化供货，产业化正式启航，单月出货金额超百万元。,宝明科技作为材料龙头，已解决复合铜箔的产业化和量产问题，成本和性能优势明显，未来渗透率空间大。,复合铜箔的渗透率将相当高，宝明科技作为行业龙头，预期既有产能将要打满，进一步扩张产能。,"【四论复合集流体】涨到这位置，龙头还具有性价吗—继续重点推荐材料龙头宝明科技

[太阳]五月中下旬，在材料龙头宝明科技因融资不顺等传言导致股价大幅下挫时，第一时间汇报了观点，指出“因为非产业因素导致的调整，是左侧布局的重要机遇”（参见三论复合集流体）。当前，宝明股价底部起来约35%，跟各位领导再次汇报一下看法：

#制约股价上涨空间的因素？产业化和渗透率。我曾在三论复合集流体中，曾指出“在狼来了多次的情况下，当前只有看到明确的产业化信号--订单或上车，真正的大行情才会到来。”其次，渗透率是制约行情的第二大因素——材料一旦商用，产业化将不可逆，对于新兴产业，渗透率的空间将会是决定股价涨幅的决定性因素！

#行业的产业化阶段到哪里了？黎明将至--宝明已批量化出货。回顾历史，从PET到PP，主要解决了材料能不能用的问题；从PP复合铜箔到微孔复合铜箔。主要是解决电池厂商量产等问题--当前产业化已不存在大问题。从宝明科技回复投资人的措辞中，也可管中窥豹--24年初，公司曾表示产品达到“产业化应用的条件”；25 年 5月末，公司回复“复合铜箔已实现批量化供货”。据了解，龙头公司近月的单月出货金额已超百万元--假设单车1000平，这意味着每月供给超200辆车，这就不是送样的问题了，这是产业化正式启航的信号！

#行业渗透率空间会达到多高？暂且不谈复合铜箔的安全性等优势，只从纯铜箔迭代空间接近上限，被替代就成为了必然！而行业渗透率空间取决于成本和性能：1）就成本而言，材料龙头的报价已低于纯铜箔；2）就性能而言，当前新一代的多孔复合铜箔已解决前期担忧的快充等问题，且未来伴随固态的发展，复合铜箔的优势将会进一步增强。就此而言，未来复合铜箔的渗透率将相当高。

#落地至市场，个股怎么看？优先选择材料龙头，其次是设备龙头。我在前期段子中，曾写到“前景光明的新兴产业发展初期，可商用、可量产的产品才是至关重要的因素。”当前，谁生产出可商用、可量产的产品，谁就会优先受益，且若不考虑技术扩散等因素，龙头公司在探索过程中付出的艰辛和努力，后来者大概率也要付出类似的艰辛，这意味着前期龙头的优势会相当明显。其次，当前之所以不同于2022年集流体设备先行的行情，是因为只有材料公司看到明确的产业化信号，且预期既有产能（1.5亿平+）将要打满，才会进一步扩张产能，这意味着行业演进的规律是先有材料大订单，继而才是设备厂商订单。

[太阳]欢迎沟通交流  王丹  13262556336"
【天风电新】电子布更新：价格弹性通胀环节，斗山&台光两条线-0703,10:38,电子布,宏和科技,¥18.41,中材科技,¥22.21,德福科技,¥24.40,AI驱动Low Dk电子布需求增长，二代布供不应求，国内企业宏和科技、中材科技供应份额有望扩大；德福科技在HVLP铜箔领域表现突出；平安电工在Rubin测试中表现良好。,从gb200到gb300切换，二代布需求快速提升，日本、台湾企业扩产不满足产能需求，国内企业供应份额有望扩大；德福科技在HVLP铜箔领域基本独供；平安电工在Rubin测试中评价高，估值便宜。,二代布供应缺口将持续，国内企业供应份额有望扩大；德福科技产品升级中；平安电工有望成为Rubin新一代主流材料供应商。,"【天风电新】电子布更新：价格弹性通胀环节，斗山&台光两条线-0703
———————————
本周我们调研了三个专家&三家上市公司，对产业链供应链有了相对清晰脉络，如下：
AI驱动Low Dk增长，消费电子驱动Low CTE电l增长。Low Dk电子布用于AI服务器，一代布、二代布、三代布对应gb200、gb300、rubin。

✔目前gb200向gb300切换，二代布供不应求。当前主要由日本、台湾厂供货，但扩产较慢，国内企业供应量有望增加。

✔三代布配套Rubin，目前有几种方案在测，# 石英布有可能成为新一代主流材料（之前担心PTFE，目前看概率不高）。

Low CTE主要用于消费电子，需求端1/2为手机，1/4为电脑。当前单月需求超50万平方米，而供给端在40万+平方米，有一定缺口。

# 供应链
ccl主要有台光、斗山。NV每代只选一种材料，H系列台光，【GB系列用斗山】，Rubin未定（台光、斗山、生益都在送）。NV之外，【Asic用台光】。

Low Dk
1）	NV链-斗山：【二代】主要日本、台湾企业在供，国内【宏和】测试和小批量；

【三代】在测试，日本有旭化成、信越，国内【平安电工】、中材（泰山玻纤）送样，第一轮测试完对平安电工评价高，而中材还未出测试结果。铜箔9成德福（卢森堡）。

2）非NV链-台光：二代产品旭化成、台玻；国内企业【宏和、中材】二三代布均在测。

Low CTE
1）海外：日本的日东纺、旭化成等；2）国内：南亚新材、【宏和】等开始进入。

# 投资建议
从gb200到gb300切换，二代布需求快速提升，当前已出现供应缺口。日本、台湾企业扩产不满足产能需求，国内企业供应份额有望扩大，看好【宏和科技】（🌟low- CTE&DK都比较快）、【中材科技】（建材组覆盖），以及HVLP铜箔【德福科技】（🌟卢森堡，产品仍在升级4-5，斗山基本独供）。

下一代Rubin，传输速度升级+损耗要求提升，推荐测试性能良好的【平安电工】（🌟跟着斗山，专注Q布，估值便宜）。

具体纪要欢迎私信～"
【天风电子潘暕团队】产业催化临近，重点看好苹果折叠屏产业链，重点推荐蓝思、鹏鼎、领益、立讯,10:37,苹果折叠屏产业链,蓝思科技,¥23.74,鹏鼎控股,¥36.89,领益智造,¥9.20,天风电子团队看好苹果折叠屏产业链，预计苹果折叠产品远期空间达1亿部，重点推荐蓝思科技、鹏鼎控股、领益智造、立讯精密。,苹果高端机占比高，折叠产品渗透比例有望超过三星；苹果入局有望加速折叠屏行业空间扩容；产业链即将进入npi阶段，产业催化临近。,预计苹果折叠产品远期空间有望达到1亿部，产业链核心标的估值低位，建议重点关注。,"【天风电子潘暕团队】产业催化临近，重点看好苹果折叠屏产业链，重点推荐蓝思、鹏鼎、领益、立讯

持续看好苹果折叠屏产业机遇，量价空间很大，重点推荐：
量的角度：
23年三星旗舰机(800美金+)折叠屏渗透率~25%；
iPhone整体价格带集中在800美金以上，23年800美金以上机型出货量占比约80%，苹果高端机占比高，折叠产品渗透比例有望超过三星；
iPad 整体出货量在5000-6000万部，后续iPad折叠屏产品创新亦有增量带动；
按照折叠产品30%渗透预期测算，苹果折叠产品远期空间有望达到1亿部，重视苹果品牌标杆效应安卓品牌厂商跟随效应，苹果入局有望加速折叠屏行业空间扩容；

折叠屏按照明年下半年新机预期，产业链很快进入npi阶段，产业催化临近，核心标的估值低位，建议重点关注蓝思科技、鹏鼎控股、领益智造、立讯精密、博硕科技、智立方、联德装备、统联精密、杰普特、恒铭达，捷邦科技、思泉新材、中石科技、创世纪等

联系人：潘暕/包恒星"
浙商机械 邱世梁重点推荐杭氧股份——周期触底，反转曙光闪现,10:37,机械,杭氧,¥20.08,,,,,杭氧气价拐点显现，氧、氮价格连续多周同比正增长，周期触底反转迹象明显。,空分气价出现拐点迹象，氧、氮连续多周同比正增长；估值低、市值小、天花板高；催化剂包括全国统一大市场、供给侧改革、气价上行。,中长期市值有较大提升空间，参考全球巨头万亿市值。,"浙商机械 邱世梁重点推荐杭氧股份——周期触底，反转曙光闪现

1、空分气价出现拐点迹象，氧、氮连续多周同比正增长。
2、估值低、市值小、天花板高。PB约2倍，市值不到200亿，中长期有空间（全球巨头万亿市值）
3、催化剂：全国统一大市场、供给侧改革、气价上行
上周调研董事长—可交流增量信息。

附：7月3日气价：
液氧：环比1.4%，同比3.5%，同比连续3周增长
液氮：环比跌0.2%，同比7%，同比连续7周增长
液氩：环比跌1.1%，同比跌27%

浙商机械 邱世梁/王华君18610723118/李思扬/张筱晗15927587890"
[红包]【申万宏源通信】奥飞数据深度：算能协同成长的IDC稀缺资产（20250704）,10:37,IDC+算力+能源,奥飞数据,¥20.70,,,,,奥飞数据作为国内算力基建核心主线中的稀缺标的，实现IDC+算力+能源运营协同高成长，预计25-27年EBITDA CAGR>30%。,IDC主业区位核心+高成长，算力业务和新能源赋能形成第二增长曲线，分布式光伏业绩逐年突破，结合售电资质有望降低营运成本。,预计25-27归母净利润2.1/3.2/4.1亿元，EBITDA 12.1/15.7/18.7亿元，25年对应EV/EBITDA 20x，向上动能与弹性充足。,"[红包]【申万宏源通信】奥飞数据深度：算能协同成长的IDC稀缺资产（20250704）

[玫瑰]一句话总结：国内算力基建核心主线中实现IDC+算力+能源运营协同高成长的稀缺标的。

（一）行业beta：供需均有预期差

# 预期差一：需求持续性与爆发节奏
云厂CAPEX调整、芯片等问题为短期扰动，实际6-7月招投标、新版本芯片出货、国产Cloudmatrix等各环节均有确定性进展。

# 预期差二：新增IDC供应的量与价
24-25年加速消化21-23年存量有效供给，而核心区位资源紧缺，新增供给显著下降。24H2以来整体价格已企稳，供需关系改善下，价格有望进一步回升。

（二）奥飞数据alpha：IDC+算力+能源，多维协同发展

# IDC主业区位核心+高成长。24年底运营容量约190MW，25年廊坊等几大核心节点有望交付140-150MW，26年怀来150MW接续交付，预计25-27年EBITDA CAGR>30%，成长性凸显。

# 算力业务+新能源赋能内生增长。1）算力设备销售、算力租赁等业务形成第二增长曲线；2）分布式光伏业绩逐年突破，结合售电资质有望降低IDC主业营运成本。

预计25-27归母净利润2.1/3.2/4.1亿元，EBITDA 12.1/15.7/18.7亿元，25年对应EV/EBITDA 20x，向上动能与弹性充足。"
【AI跟踪观点】全球AI共振！AI和北美算力仍是最强投资主线！-20250704,10:37,"AI算力,光模块,PCB",英伟达,HK$15.61,博通,¥27.29,甲骨文,HK$101.15,全球AI共振，北美算力主升浪和ASIC供应链成为最强投资主线，重点关注光模块和PCB产业链。,北美AI持续大涨，英伟达、博通、甲骨文等公司股价创历史新高，光模块和PCB产业链公司表现强劲，显示出AI算力和ASIC供应链的高增长潜力。,预计北美算力主升浪和ASIC供应链将继续保持强劲增长，光模块和PCB产业链公司有望进一步上涨。,"【AI跟踪观点】全球AI共振！AI和北美算力仍是最强投资主线！-20250704

🔥北美AI持续大涨：
1、英伟达：历史新高！
2、ASIC：博通接近新高！
3、CSP：甲骨文新高！
4、光模块持续大涨：Coherent反弹新高、AAOI（+7%）历史新高。
5、PCB：台光（+3%）历史新高！欣兴电子（+5%）反弹新高！
6、交换机：CLS历史新高！持续印证ASIC趋势！

🔥投资建议：重视北美算力主升浪和ASIC供应链！重视PCB和光模块产业链！
（1）细分龙头：胜宏科技、新易盛、中际旭创。
（2）光模块/CPO/DCI：新易盛、中际旭创、剑桥科技、东山精密、华懋科技、联特科技、德科立、太辰光、仕佳光子、致尚科技、博创科技等。
（3）PCB：胜宏科技、沪电股份、生益电子、景旺电子、深南电路、宏和科技、芯碁微装、德福科技、中富电路等。
（4）铜连接/AEC：瑞可达、沃尔核材等。"
[红包]利民股份：二季度业绩预计同比高增，巴斯夫战略合作打开成长空间,10:37,化工,利民股份,¥19.59,,,,,利民股份二季度业绩预计同比高增，与巴斯夫战略合作打开成长空间。,二季度将受益于产品价格上涨和旺季销量增长，业绩预计同环比大幅向上；与巴斯夫的合作有望在创制和仿制药方面深化，打开公司成长空间。,2025年全年预计公司归母净利润5亿元左右，15xPE，对应75亿市值；与巴斯夫合作产品预计2026年开始贡献利润，远期潜在利润达4亿+，对应60亿市值期权，合计135亿元市值。,"[红包]利民股份：二季度业绩预计同比高增，巴斯夫战略合作打开成长空间
————————————
[太阳]二季度业绩同环比高增。利民股份25Q2将充分受益于百菌清、代锰、阿维菌素、甲维盐等产品价格上涨和旺季销量增长，季度业绩预计同环比大幅向上。往后看，预计代锰和百菌清在下半年海外需求旺季仍有价格上涨机会，进一步带动公司业绩提升。

[太阳]巴斯夫合作打开成长空间。据公司微信公众号，利民股份子公司德彦智创与巴斯夫达成战略合作，在双方洽谈中表示，合作将“加速新农药的创制进程，为中国乃至全球农业提供更高效、更可持续的解决方案”。和巴斯夫的合作有望在创制和仿制药方面深化，依托巴斯夫的研发能力和长期稳定的仿制药需求，该合作有望打开公司的成长空间。

[太阳]业绩和估值：2025年全年预计公司归母净利润5亿元左右，15xPE，对应75亿市值；与巴斯夫合作产品预计2026年开始贡献利润，远期潜在利润达4亿+，对应60亿市值期权，合计135亿元市值。

欢迎交流 中信化工"
【东吴电子陈海进】投资显决心，看好深度受益AI高景气沪电股份,10:37,PCB,沪电股份,¥47.30,,,,,沪电股份受益于全球高速交换机销售高增及CSP自研ASIC爆发，2024年高速交换机PCB收入环增超90%，AI服务器及HPC相关PCB收入占总营业收入22.29%。,公司高端机交换机PCB全球领先，海内外产能释放应对AIPCB需求增长，行业需求旺盛叠加产能充沛有望进一步推动公司业绩释放。,在数据中心交换机市场强劲增长的背景下，沪电高速交换机PCB收入有望进一步高增；ASIC芯片放量有望为公司PCB需求带来弹性。,"【东吴电子陈海进】投资显决心，看好深度受益AI高景气沪电股份

事件：7月3日公司发布公告，2025年7月至2031年6月期间，在不超过人民币36亿元的总投资额度范围内，管理层可就潜在项目投资与黄石经济技术开发区管理委员会进行磋商。

🎯全球高速交换机销售高增，沪电股份深度受益
📍Dell'OroGroup近期发布最新报告，以太网数据中心交换机销售额在2025年第一季度同比增长超40%，创下2013年以来最强劲的增长，并创下历史新高，当季800G交换机销售额超10亿美元。沪电股份早在2023年就已有批量交付112G速率800G交换机PCB产品，224G速率（102.4T交换容量1.6T）交换机PCB产品也进行了预研。2024年下半年，公司高速网络交换机机器配套相关PCB产品成为公司增长最快细分领域，环增超90%，24年全年高速交换机实现收入38.91亿元。在数据中心交换机市场强劲增长的背景下，沪电高速交换机PCB收入有望进一步高增。

🎯CSP自研ASIC爆发，PCB需求弹性巨大
📍据华尔街见闻报道，Meta将在2025年第四季度推出首款ASIC芯片MTIA T-V1，由博通设计，搭载复杂的36层高规格PCB的主板架构，供应链估计，Meta计划2025-2026年实现100万至150万片ASIC出货。据Prismark预测，2023-2028年AI服务器和HPC相关PCB产品（不含载板）的复合增长率约达40.2%，为PCB市场带来新的增长机遇。公司2024年AI服务器及HPC相关PCB收入约29.75亿元，占总营业收入22.29%，ASIC芯片放量有望为公司PCB需求带来弹性。

🥇观点重申：公司高端机交换机PCB全球领先，海内外产能释放应对AIPCB需求增长，行业需求旺盛叠加产能充沛有望进一步推动公司业绩释放，建议重点关注。

风险提示：技术创新不及预期、下游需求不及预期，市场竞争风险加剧、地缘政治影响恶化。

🎁欢迎与东吴电子团队联系交流：陈海进/解承堯"
🔥【热景生物】再次重点推荐！SGC001数据读出在即、结果可期，又一潜在重磅品种新一代IO双抗即将IND！,10:36,生物医药,热景生物,¥194.81,,,,,热景生物SGC001心梗抗体药即将揭盲数据，SGT003 IO双抗IND在即，展示出优秀治疗效果。,SGC001是全球FIC创新药，适用于急性心肌梗死患者的急救治疗，临床前数据表现良好；SGT003 IO双抗临床前研究表明其可以精准靶向肿瘤微环境，实现完全抑瘤。,SGC001国内1b期临床预计7月底8月初揭盲读出数据，25下半年启动2期临床研究；SGT003 IO双抗等药物有望年底前进入临床阶段。,"🔥【热景生物】再次重点推荐！SGC001数据读出在即、结果可期，又一潜在重磅品种新一代IO双抗即将IND！

🚩全球FIC心梗抗体药SGC001有望填补临床空白，国内外想象空间较大。SGC001是全球FIC创新药，适用于急性心肌梗死患者的急救治疗，已实现中美双报双批。SGC001通过抑制S100A8A9介导的炎症反应延缓心衰进展，临床前数据表现良好，目前正在国内积极推进1b期临床。SGC001有望填补市场空白，临床价值高应用空间大。

🚩SGT003（IO双抗）IND在即，临床前研究表明其可以精准靶向肿瘤微环境，实现完全抑瘤，并产生免疫记忆，展示出优秀的治疗效果，有望成为继PD-1(PD-L1)后变革性肿瘤免疫冶疗的新一代基石治疗药物，为患者提供更安全、有效的全新治疗策略和选择，具有巨大的临床应用潜力和广阔的市场前景！

🚩公司关键催化
①心梗药SGC001 国内1b期临床已于近期完成高剂量入组，需要随访观察一个月，因此预计将于7月底8月初揭盲读出数据。心梗药BD出海预计数据读出后会和MNC进一步接洽谈判。
②预计25下半年会启动2期临床研究，拟用梗死面积代替终点进行2期附条件申报。
③胰腺炎新适应症有望下半年启动临床研究。
④公司其他创新药管线，例如IO双抗、siRNA等药物也有望年底前进入临床阶段。"
【中泰化工】东材科技算力需求与高频高速树脂市场机遇,10:36,高频高速树脂,东材科技,¥10.66,,,,,东材科技受益于算力需求增长及国产化趋势，高频高速树脂业务表现强劲，1月份业绩超预期，订单及出货量同比大幅增长。,公司产品结构及新项目规划适应高速树脂市场需求，与产业链紧密合作，业务放量能力强，业绩增长迅速。,第一季度及全年业绩超预期确定性高，高速树脂业务将持续受益于算力需求增长及国产化趋势。,"【中泰化工】东材科技算力需求与高频高速树脂市场机遇

算力需求持续增长，加上国产自主可控的趋势，高频高速树脂β市场表现仍然强劲。
无论是顶端算力需求（GB200/300）拉动M8+高速覆铜板，从而催化PPO/OPE、CH/ODV树脂需求，还是存量高速需求（100/800）持续催化BMI、PPO需求，东材科技现有的产品结构（BMI、活性酯、CH），以及新项目规划（2万吨PPO/OPE/CH/BMI等高速树脂扩产），都有潜力实现高成长业绩，具备业绩弹性。

高速树脂业务近期表现：
从边际角度来看，1月份高速树脂业务表现超预期，单月实现4000万的业绩。1-2月订单量同比增长超3倍，出货量同比增长超2倍，第一季度（Q1）及全年业绩超预期的确定性很强。

回顾历史，受益于与台光、生益、台耀、南亚等客户的合作，公司相关业务在2022-2024年的营收分别为0.6亿元、1.6亿元、2.7亿元，增长迅速，这充分证明了公司与产业链的紧密粘性和业务放量能力。

从行业角度看，胜宏的业绩以及台光月营收同比增速持续亮眼，表明高速需求仍然强劲。同时，910C等国产芯片主题凸显了产业链国产化的趋势。"
GPU+ASIC 云计算共振，看好AI算力增速超过资本开支增速！【东吴通信张良卫/周高鼎/李博韦】,10:36,AI算力,中际旭创,¥139.45,新易盛,¥128.35,天孚通信,¥75.58,AI算力需求加速显现，光模块、硅光&CPO、PCB及铜互连相关公司受益。,一二线云厂资本开支坚定，AI算力需求加速显现，英伟达最新技术和产品需求增长，ASIC出货快速增长，产业链增速有望高于云厂资本开支增速。,AI算力增速超过资本开支增速，相关产业链公司业绩有望实现基数和渗透率的双击。,"GPU+ASIC 云计算共振，看好AI算力增速超过资本开支增速！【东吴通信张良卫/周高鼎/李博韦】

# 事件
CoreWeave 宣布成为全球首家部署 GB300 的云厂

# 观点重申
1、一二线云厂资本开支坚定，“表观”增长持续，企业及主权的AI 算力需求加速显现
2、英伟达最新技术和产品来自一二线云厂、主权与企业AI的需求有望继续增长，同时1.6T等开始参与配套出货，有望实现基数和渗透率的双击
3、一线云厂自研ASIC出货快速增长，ASIC 相比GPU单卡性能略差但性价比更高，“单位美元”能够买的，需要买的算力卡及配套增加，云厂资本开支投向或在产业链再分配，产业链增速有望高于云厂资本开支增速

# 投资建议 
相关标的：
光模块：中际旭创，新易盛，天孚通信，徳科立
硅光&CPO：致尚科技，太辰光，仕佳光子，源杰科技
PCB：胜宏科技，沪电股份，生益电子
铜互连：兆龙互连，博创科技，鸿腾精密

风险提示：算力需求不及预期；客户开拓与份额不及预期；产品研发落地不及预期；行业竞争加剧；原材料供应紧缺；产业技术迭代

欢迎联系 东吴通信张良卫/周高鼎/李博韦"
[加油]强Call战略创新药重点标的【康方生物】❗建议重点配置IO 2.0产业链🎉,10:36,创新药,康方生物,HK$115.50,神州细胞,¥85.41,华海药业,¥22.99,康方生物AK112作为PD1/VEGF双抗在IO 2.0领域具有全球领先优势，多个癌肿国内已开展3期临床，海外合作预期强烈。同时推荐关注神州细胞、华海药业等PD-1/VEGF进度领先企业，及信达生物、基石药业等差异化PD-1双抗/三抗企业。,AK112进度最快，NSCLC已先发优势占位，中美数据一致性高，临床数据证据等级最高，海外合作预期强烈。公司围绕下一代肿瘤治疗的管线战略清晰，有望实现临床价值最大化。,AK112有望在合适的时间以合适的价格完成对外合作，海外适应症放量后的销售分成将带来收益。PD-1双抗赛道预计2030年将达到900亿美金，相关标的股价有望表现。,"[加油]强Call战略创新药重点标的【康方生物】❗建议重点配置IO 2.0产业链🎉

🔴# 怎么看AK112如何全球临床价值最大化❓ 
1⃣PD1/VEGF双抗为IO基石药物已成MNC必买的品种，AK112进度最快，NSCLC已先发优势占位，多个癌肿 国内已开展3期，全球临床也将领先。AK112已被证明中美数据有一致性，临床数据证据等级最高，最快最有确定性的PD-1/VEGF双抗，只要SMMT有合作意愿，大概率会在合适的时间以合适的价格完成对外合作。
2⃣无论是MNC现金收购Summit，还是通过临床合作授权的BD交易，都是利好康方生物，有MNC加持，# AK112将保持巨大的领先身位，分享IO 2.0最大的全球市场份额。虽然康方不会有新的首付款金额，但更为重要的是海外适应症放量后的销售分成。

🔴# 康方仍有较大预期差，不只是AK112的全球化❗
除了AK112，公司AK104、CD47单抗AK117、双抗平台、双抗ADC、三抗平台全球价值等仍有预期差，通过联用AK112有望实现临床价值最大化。围绕下一代肿瘤治疗的管线战略清晰，这就是我们一直战略重点推荐康方的核心原因。

🔴怎么看PD-1双抗赛道？
去年我们强调PD-1双抗是迭代PD-1的产业趋势，而这也是中国中国全面全球领先的赛道，500亿美金的免疫治疗存量市场，预计2030将达到900亿，在洗牌之时，抓住IO 2.0的机会极为关键。目前海外进度SMMT和BMS领先，预计本次潜在合作有望带动PD-1双抗板块热情，其他MNC会战略布局，预计相关标的股价均会表现，❗建议重点组合配置：1）# 进度领先PD-1/VEGF，如神州细胞、华海药业；2）# 差异化PD-1双抗/三抗：信达生物、基石药业、上海谊众。"
近日，记者从宇树科技相关投资方获悉，宇树科技后续有计划于科创板IPO(首次公开募股)。据此前媒体报道，宇树科技完成C轮融资交割，市场预估本轮投前估值超过100亿元人民币。截至发稿，记者尚未从宇树科技方面获得验证。(每日经济新闻),09:13,科技,宇树科技,,,,,,宇树科技计划科创板IPO，C轮融资投前估值超100亿元。,宇树科技完成C轮融资，市场估值超过100亿元人民币，显示出市场对其未来发展的高度认可和期待。,宇树科技计划在科创板IPO，预计将进一步推动公司发展和市场估值提升。,近日，记者从宇树科技相关投资方获悉，宇树科技后续有计划于科创板IPO(首次公开募股)。据此前媒体报道，宇树科技完成C轮融资交割，市场预估本轮投前估值超过100亿元人民币。截至发稿，记者尚未从宇树科技方面获得验证。(每日经济新闻)
这几周路演汇报的【德福科技】空间的3种拍法（0704）：,09:13,铜箔,德福科技,¥24.40,,,,,德福科技高端铜箔产能规划及市场空间分析，预计3年内实现10亿利润增量，整体市值预计达400亿+。,公司高端铜箔产能规划明确，市场空间大，预计通过产能扩张和市场占有率提升实现利润大幅增长。,预计3年内实现15-20亿利润增量，整体市值达到400亿+，PE估值20~30倍。,"这几周路演汇报的【德福科技】空间的3种拍法（0704）：
1⃣公司产能规划：3年hvlp高端产能5万吨，30%高端对应1.5w吨，单吨30w，利润6-9w/吨，合计10亿利润增量；
2⃣自上而下pcb传导：明年500-600亿AI，10%铜箔，50-60亿空间，30%份额，30%净利率，大概5亿利润增量，未考虑之后的增长；
3⃣卢森堡入手：整体1.68万吨产能，高端60%，相当于1.2-1.3w吨，基本与公司3年目标吻合，预计增量10亿利润。
以上没考虑载体铜箔空间，按照三井目前50亿收入，80%市占率，整体市场在60.70亿（专家给的100亿，更大），30%市占率，50%利润率（三井利润率80%）预计也是9.10亿利润空间。
📈因此以上合计15-20亿利润增量，20~30xpe，主业估值80亿（固态就值这么多，锂电假设不算），预计整体市值在400亿+
By zyy"
ASIC爆发加剧产能紧张，高端PCB景气有望持续超预期，产能为王时代持续强推高端PCB板块（首推景旺+胜宏）,09:53,高端PCB,景旺,¥46.58,胜宏,¥146.31,沪电,¥47.30,ASIC爆发推动高端PCB需求，景旺和胜宏因产能和技术优势被首推，沪电、深南、生益等老牌龙头也受益。,ASIC加速推动PCB需求增长，高端产能缺口成为核心矛盾。景旺和胜宏因技术底蕴和产能扩张能力，预计将充分受益于需求扩张，业绩持续超预期。,胜宏目标市值上修至1500亿~2000亿，景旺当前位置赔率极高，先看翻倍空间。高端PCB景气有望持续超预期，产能为王时代持续。,"ASIC爆发加剧产能紧张，高端PCB景气有望持续超预期，产能为王时代持续强推高端PCB板块（首推景旺+胜宏）

推理需求爆发推动算力需求从capex转向opex，asic有望伴随推理算力加速爆发，主权算力投资有望接力NV增长。

PCB作为AI服务器+交换机核心环节，ASP持续提升，ASIC加速价值通胀，供应链预测看26年ASIC相关PCB规模有望翻倍以上成长。NV新产品迭代推动ASP持续增长，高端产能缺口仍是未来2年的核心矛盾。产能储备是导入新客户的最重要因素，基于技术底蕴和产能增速看，我们预计内资PCB有望充分受益需求的进一步扩张，北美AI收入利润贡献持续提升，沪电深南生益等老牌头部公司有望充分收益。产能为王下优选26年产能弹性大的厂商，胜宏+景旺有望看到业绩持续上修。

胜宏已经卡位NV核心一供，高多层+HDI产能加速扩张，季度业绩持续超预期，ASIC加入导入，目标市值上修至1500亿~2000亿

景旺高多层+HDI高端产能支持80亿+高端收入，北美大客户核心新项目全面导入中，未来业绩有望迎来惊喜，当前位置赔率极高，当前位置先看翻倍空间

沪电深南生益等老牌龙头持续推荐，建议继续持有

ASIC爆发加剧产能紧张，高端PCB景气有望持续超预期，产能为王时代持续强推高端PCB板块（首推景旺+胜宏）"
消息人士称，美国允许通用电气恢复向中国商飞交付飞机发动机,09:09,航空航天,通用电气,¥4.61,中国商飞,HK$0.68,,,美国解除通用电气向中国商飞交付飞机发动机的禁令，涉及C919和C909客机用发动机。,美国对通用电气的许可证暂停令已解除，允许其向中国商飞交付关键飞机发动机，标志着两国在航空航天领域的合作可能回暖。,此举预计将促进中国商飞C919和C909客机的生产进度，同时为通用电气带来新的收入来源。,"消息人士称，美国允许通用电气恢复向中国商飞交付飞机发动机

据知情人士透露，美国对通用电气(GE)的许可证暂停令已解除，涉及向中国商飞(COMAC)交付的 C919 单通道客机用 LEAP-1C 发动机，以及用于商飞 C909 支线客机的 CF34 发动机，至少还有一家航空航天公司周四也获准恢复对华出口许可。"
[太阳]【兴证通信】美股 IDC 持续大涨点评 0704,09:09,IDC数据中心,万国数据,HK$32.25,世纪互联,HK$0.27,大位科技,¥8.10,万国数据和世纪互联因IDC公募REITS市场反响热烈及长远发展计划大涨，国内IDC公司如大位科技等因算力预期低、股价位置低、机构持仓少，具备显著配置价值。,万国数据中心REIT认购倍数高达166倍，隐含EV/EBITDA为16.9倍，大超市场预期；世纪互联宣布未来10年建设10GW数据中心集群，上调2025年收入及EBITDA指引；国内IDC公司因算力预期低、股价位置低、机构持仓少，美股对标公司大幅反弹。,万国数据和世纪互联因市场对IDC公募REITS的强烈反响及公司长远发展计划，股价持续大涨；国内IDC公司如大位科技等因配置价值显著，预计将吸引更多投资。,"[太阳]【兴证通信】美股 IDC 持续大涨点评 0704

[红包]昨晚万国数据+10.20%，世纪互联+9.46%，延续近日持续大涨趋势，股价从底部涨幅万国近翻倍，世纪互联近 70%。主要原因在于：

[玫瑰]#近日万国数据中心REIT（基金代码：508060）已完成网下询价，#认购倍数高达166倍，作为行业历史首批IDC公募REITS，市场反响热烈。按最终发售价计算，#隐含EV/EBITDA为16.9倍，大超市场预期（13-14倍），#每份额隐含股息收益率为5.2%。润泽科技发行的REITS 15.5倍左右。目前IDC上市公司对应2026年EV/EBITDA 普遍低于15倍，低于一级市场成熟IDC估值<e type=""hashtag"" hid=""48812121848888"" title=""%23%E4%BC%B0%E5%80%BC%E4%B8%8E%E4%B8%9A%E7%BB%A9%E4%BB%8D%E6%9C%89%E8%BE%83%E5%A4%A7%E4%B8%8A%E4%BF%AE%E7%A9%BA%E9%97%B4%E3%80%82%23"" />

[玫瑰]世纪互联宣布将在未来10年建设总规模10GW的超大规模数据中心集群，彰显长远发展信心。公司宣布授权回购金额最高达5000万美元的股份，#且上调2025年收入及EBITDA指引，主要受益于批发型客户超预期的上架速度。

[玫瑰]产业验证下来，#主要互联网大厂对nv特供版芯片购买意愿均强，最快于三季度左右下大批量订单。国产芯片产能或环比抬升，伴随缺芯缓解，IDC招标需求将加快释放，国内互联网大厂资本开支有望实质性反转。

[太阳]国内算力预期低、股价位置低、机构持仓少，美股对标公司大幅反弹，已具备显著配置价值。继续重点推荐#大位科技、奥飞数据、光环新网、润泽科技、科华数据、科泰电源、泰豪科技、潍柴重机等。"
"巨人网络：《<e type=""web"" href=""https%3A%2F%2Fwx.zsxq.com%2Fmweb%2Fviews%2Fweread%2Fsearch.html%3Fkeyword%3D%E8%B6%85%E8%87%AA%E7%84%B6%E8%A1%8C%E5%8A%A8%E7%BB%84"" title=""%E8%B6%85%E8%87%AA%E7%84%B6%E8%A1%8C%E5%8A%A8%E7%BB%84"" style=""book"" />》免费榜创新高，持续关注暑期表现【东吴传媒互联网 张良卫团队】",08:49,游戏,巨人网络,¥25.14,,,,,巨人网络《》iOS游戏免费榜排名创新高，暑期内容更新有望进一步提升用户规模和流水。,公司产品周期强劲，《》用户规模和流水高速增长，利润率较高，暑期档期表现值得关注；积极拓宽产品矩阵，细分赛道精品新游陆续落地，有望驱动业绩强劲增长。,看好《》暑期档期表现，游戏用户规模及流水有望持续超预期，为公司带来显著业绩增量；维持“买入”评级。,"巨人网络：《<e type=""web"" href=""https%3A%2F%2Fwx.zsxq.com%2Fmweb%2Fviews%2Fweread%2Fsearch.html%3Fkeyword%3D%E8%B6%85%E8%87%AA%E7%84%B6%E8%A1%8C%E5%8A%A8%E7%BB%84"" title=""%E8%B6%85%E8%87%AA%E7%84%B6%E8%A1%8C%E5%8A%A8%E7%BB%84"" style=""book"" />》免费榜创新高，持续关注暑期表现【东吴传媒互联网 张良卫团队】

7月3日，《<e type=""web"" href=""https%3A%2F%2Fwx.zsxq.com%2Fmweb%2Fviews%2Fweread%2Fsearch.html%3Fkeyword%3D%E8%B6%85%E8%87%AA%E7%84%B6%E8%A1%8C%E5%8A%A8%E7%BB%84"" title=""%E8%B6%85%E8%87%AA%E7%84%B6%E8%A1%8C%E5%8A%A8%E7%BB%84"" style=""book"" />》iOS游戏免费榜排名升至第4名，创下新高。此外，项目组于6月29日首曝新地图，包含新场景、新机制、新怪物、新大金，期待暑期内容持续更新，带动用户规模和流水体量进一步提升。

我们自年初起持续强调推荐公司产品周期强于市场预期，并在6月初重点提示《<e type=""web"" href=""https%3A%2F%2Fwx.zsxq.com%2Fmweb%2Fviews%2Fweread%2Fsearch.html%3Fkeyword%3D%E8%B6%85%E8%87%AA%E7%84%B6%E8%A1%8C%E5%8A%A8%E7%BB%84"" title=""%E8%B6%85%E8%87%AA%E7%84%B6%E8%A1%8C%E5%8A%A8%E7%BB%84"" style=""book"" />》边际变化，当前重申看好观点：

公司产品周期强劲：1）《<e type=""web"" href=""https%3A%2F%2Fwx.zsxq.com%2Fmweb%2Fviews%2Fweread%2Fsearch.html%3Fkeyword%3D%E8%B6%85%E8%87%AA%E7%84%B6%E8%A1%8C%E5%8A%A8%E7%BB%84"" title=""%E8%B6%85%E8%87%AA%E7%84%B6%E8%A1%8C%E5%8A%A8%E7%BB%84"" style=""book"" />》用户规模和流水高速增长，且产品利润率高，此外作为社交休闲产品，暑期档期表现值得关注，游戏用户规模及流水有望持续超预期，为公司带来显著业绩增量。2）积极关注《<e type=""web"" href=""https%3A%2F%2Fwx.zsxq.com%2Fmweb%2Fviews%2Fweread%2Fsearch.html%3Fkeyword%3D%E4%BB%A3%E5%8F%B7%E6%9D%80"" title=""%E4%BB%A3%E5%8F%B7%E6%9D%80"" style=""book"" />》版号进展，以及《<e type=""web"" href=""https%3A%2F%2Fwx.zsxq.com%2Fmweb%2Fviews%2Fweread%2Fsearch.html%3Fkeyword%3D%E5%8F%A3%E8%A2%8B%E6%96%97%E8%9B%90%E8%9B%90"" title=""%E5%8F%A3%E8%A2%8B%E6%96%97%E8%9B%90%E8%9B%90"" style=""book"" />》《<e type=""web"" href=""https%3A%2F%2Fwx.zsxq.com%2Fmweb%2Fviews%2Fweread%2Fsearch.html%3Fkeyword%3D%E4%BA%94%E5%8D%83%E5%B9%B4"" title=""%E4%BA%94%E5%8D%83%E5%B9%B4"" style=""book"" />》上线进展。我们看好公司积极拓宽产品矩阵，细分赛道精品新游陆续落地，有望驱动业绩强劲增长，同时看好大DAU、长生命周期产品兑现提升公司业绩稳定性，进而提升公司估值，维持“买入”评级。

风险提示：新游表现不及预期，行业监管风险。
联系人：张良卫/陈欣"
【国盛新消费】充电宝行业更新（20250703）,08:48,充电宝,罗马仕,,,,,,罗马仕因充电宝召回事件经营陷入困境，行业因3C认证监管趋严面临洗牌。,充电宝行业因3C认证流程变更，要求企业自有工厂和流水线，增加了行业门槛，有利于龙头企业份额提升。罗马仕的困境为其他认证企业提供了抢占市场份额的机会。,行业预计将因3C认证新规加速洗牌，龙头企业有望在罗马仕空缺的市场中快速扩张份额。,"【国盛新消费】充电宝行业更新（20250703）

事件：受充电宝召回事件影响，罗马仕经营陷入困境。7月3日，多名罗马仕员工向界面新闻记者证实，自7月1号开始罗马仕内部已经陆续通知员工全面停工停产，员工工资只发到6月份。

如何理解民航强制要求3C标识上机的影响？
1）量增：不赘述了参考前面的段子，# 就相当于是充电宝行业发生了个以旧换新（只是钱需要消费者自己补贴），当然除了这个短期的因素之外充电宝行业本身有产品结构升级的价增逻辑。

2）格局：龙头份额提升的抓手在供应链，# 这都从3C认证流程说起
👉首先电芯得通过3C认证，目前电芯成本占充电宝整机的50%，白牌也采购符合认证要求的电芯就没有太大的降本空间。
👉拿到3C认证最关键的点在于# 要有自己的生产工厂，有流水线。整机3C认证监管趋严，2025年5月6日开始认证模式从# “先发证后审厂”改为“先审厂后发证”，从“企业送样”变为“生产现场抽样”。之前白牌花几千块挂靠工厂的拿证的方式会越来越走不通。
👉从提交资料到下证差不多在三四个月左右，慢则需要1年时间，费用3万元，证书有效期五年。# 当下罗马仕的空缺+行业换新增量需要快速以现有认证产品在渠道发力抢占份额。

徐程颖/陈思琪/鲍秋宇/盘姝玥"
[玫瑰]【国泰海通医药】PD(L)1*VEGF赛道产业级机会，关注国产公司出海机遇,08:48,医药生物,康方生物,HK$115.40,三生制药,HK$25.30,华海药业,¥22.99,康方生物等公司在PD(L)1*VEGF赛道的产业级机会中表现突出，特别是在国产公司出海机遇方面。,文章指出PD(L)1*VEGF赛道在海外市场仍是蓝海，康方生物等公司在该领域的布局和临床进度领先，有望成为肿瘤治疗下一个十年的有力竞争者。,预计2030年PD(L)1*VEGF整体市场或可达1000亿，康方生物等公司有望在这一快速增长的市场中占据重要位置。,"[玫瑰]【国泰海通医药】PD(L)1*VEGF赛道产业级机会，关注国产公司出海机遇

[玫瑰]晚间彭博社报道称阿斯利康（AZN）正在与SMMT进行接触，商讨潜在150亿美金级别交易的可能性。我们认为在所有MNC中，AZN确有可能布局PD1*VEGF：1）公司整体肿瘤方向布局强，但缺少一个优质IO资产。公司在ADC、TCE、CGT、小分子等肿瘤药物上布局完善，并深耕肺癌、乳腺癌、胃癌等适应症，配合旗下PDL1单抗英非凡进行布局。IO升级方向上，公司仅有PD1*TIGIT双抗针对PDL1>1或高表达适应症，以及PD1*CTLA4双抗，布局一款PD(L)1*VEGF一方面能发挥自身在PD(L)1上积累的优势，另一方面有望成为肿瘤下一个十年的有力竞争者；2）公司现金流稳健，2025年公司预计能产生140亿经营性现金流，一半可用于BD及收并购，目前公司现金约55亿，负债225亿，杠杆率在MNC中属于稳健，有能力进行150亿交易。#潜在的交易反映了MNC顶级肿瘤玩家对于AK112以及PD(L)1*VEGF赛道的认可。

[玫瑰]我们预计将会有更多MNC布局PD(L)1*VEGF赛道，核心原因在于海外市场仍是蓝海，除SMMT、BNTX&BMS外其他MNC实际都处于同一起跑线。PD(L)1已获批42个适应症，强势领域包括肺癌、胃癌、肾癌、膀胱/尿路癌、肝癌、头颈癌等等，整体市场2030年或可达1000亿。而康方生物、普米斯生物在国内还启动了CRC、PDAC、OC、BTC等探索，未来PD(L)1*VEGF可覆盖更多适应症。但在全球市场上，目前康方&SMMT、BNTX&BMS合计仅开设NSCLC、TNBC、SCLC三个适应症的III期临床，其余所有适应症甚至无II期临床开设。在中国完成I期临床的PD(L)1*VEGF资产仅需要进行桥接实验便可在美国推进后续II期，因此对于现在进行BD的所有MNC来说，实际上除康方&SMMT、BNTX&BMS外所有人处在同一起跑线。

[玫瑰]我们认为除了MSD、BMS、PFE、AZN以外，ROG、ABBV、NVS、GILD、LLY等公司也有可能布局PD(L)1*VEGF赛道。其中ABBV和LLY在公开大会交流中表达过对PD(L)1*VEGF的兴趣和关注；而ROG、NVS和GILD深耕肿瘤领域，曾经布局过或拥有PD(L)1单抗，且均拥有ADC、RDC或其他类型肿瘤资产，和PD(L)1*VEGF能产生和好的协同效应。考虑到当年PD(L)1单抗早期有11家MNC参与竞争，我们认为短期会有多家MNC参与赛道。

[玫瑰]推荐康方生物、三生制药、华海药业、神州细胞、君实生物、荣昌生物、宜明昂科。未实现对外授权的公司重点关注临床进度、有效性（特别是一线联用的有效性）、安全性、专利等方面。

联系人：余文心/廖博闻"
重要❗️【天风电新&汽车】豪能股份更新&推荐：摆线性能&行星减速器订单超预期-0703,08:47,"汽车零部件,机器人",豪能股份,¥14.54,,,,,豪能股份同步器、差速器及同轴减速器业务稳健增长，机器人行星减速器和摆线减速器订单超预期，产能规划上调，产品技术领先。,公司同步器和差速器业务稳定增长，同轴减速器技术优势明显，有望进入小米供应链。机器人减速器产品技术领先，订单超预期，产能规划上调，市场前景广阔。,预计25年实现4.4亿利润，机器人收入26年上亿，产品线及客户优势明显，市场空间大。,"重要❗️【天风电新&汽车】豪能股份更新&推荐：摆线性能&行星减速器订单超预期-0703
———————————
🌟主业
1、同步器：年收入12亿+，毛利率30%+，未来保持稳定。

2、差速器：目前产能500万套，2030年目标扩到1000万套。23年/24年收入4/6亿+，未来几年保持高速增长。

3、同轴减速器：较平行轴核心优势为更高密度，更高扭矩，更高传动效率。同轴减速器本身因结构更复杂价格贵于平行轴，但可降低电机成本，故从三合一看贵的不多。公司未来目标收入25亿（基于全市场75亿空间，1/3份额目标）【超预期，有机会通过汇川等进小米等供应链】。

4、航空零部件：收入保持增长（过去几年复合在20-30%），毛利率稳定。

🌟机器人
1、行星减速器：有十几款产品，考虑到现有订单情况，#【超预期，上调产能规划，从今年20万套，明年50万套提升至今/明年50W/100W套。】目前月新增订单超1.5万套，明年出货预期30-60万套，涵盖各类型客户，毛利率预计在30%+。

2、摆线减速器：兼顾精度和抗冲击，公司#产品较传统摆线减重30%，传递效率提升10-20%，核心在于采用独特结构设计（避开磨齿）+特殊化材料配方（做飞机业务经验复用），目前产品包括T60（直径60mm，重量660g ,可用于肩），T80 （80mm 重量800g），T90。目前总规划产能10万套，Q3有望投产3-5万套，下游客户有Tier 1、人形本体、协作、特种机器人等。10万套量产规模下价格有望和国产中高端谐波打平。

3、锻造行星齿轮：用于灵巧手，兼具高效率、低噪音，长寿命优势，#寿命达1.3万H，较普通提升50%，已有明确本体客户且已对接Tier 1。

#投资建议：公司产品线主打行星+摆线、我们预计公司有望25年实现千万级别，26年上亿机器人收入，产品&客户线卡位优势强，我们预计25年实现4.4亿利润，继续保持重点推荐。
———————————
欢迎交流：孙潇雅/张童童"
【华西医药】迪哲医药舒沃替尼获FDA加速批准上市，系全球首款在美获批的EGFR exon20ins非小细胞肺癌国创新药,08:47,医药,迪哲医药,¥65.80,,,,,迪哲医药舒沃替尼获FDA加速批准上市，成为全球首款在美获批的EGFR exon20ins非小细胞肺癌国创新药，填补了该领域近20年临床空白。,舒沃替尼基于优异的疗效和安全性，成为当前EGFR exon20ins NSCLC治疗领域全球唯一全线拥有中、美“突破性疗法认定”的药物，并在美国递交NDA后被FDA授予优先审评。,预计25年销售7-8亿，舒沃替尼、戈利昔替尼25年进医保开始放量，销售呈现季度环比增加的趋势。,"【华西医药】迪哲医药舒沃替尼获FDA加速批准上市，系全球首款在美获批的EGFR exon20ins非小细胞肺癌国创新药

事件：
舒沃替尼通过优先审评程序，成为全球首个且唯一在美国获批的EGFR 20号外显子插入突变 NSCLC国创新药，同时也是中国首个独立研发在美获批的全球首创新药。

舒沃替尼：
此次获批的舒沃替尼是一款口服、不可逆且针对多种EGFR突变亚型的高选择性EGFR TKI，于2023年8月通过优先审评在中国获批上市，填补了该领域近20年临床空白，并在获批后的首个医保年度即纳入国家医保目录，成为目前唯一获批且可医保报销的EGFR exon20ins NSCLC二/后线标准治疗方案，基于优异的疗效和安全性，舒沃替尼是当前EGFR exon20ins NSCLC治疗领域全球唯一全线拥有中、美“突破性疗法认定”的药物，并在美国递交NDA后被FDA授予优先审评。
此次加速批准基于国际多中心注册临床研究（悟空 1B，WU-KONG1B），研究结果展现舒沃替尼针对经治EGFR exon20ins NSCLC全球同类最佳（Best-in-Class）潜力。

销售预期：
随着舒沃替尼、戈利昔替尼25年进医保开始放量，我们预计25年销售呈现季度环比增加的趋势，预计25年销售7-8亿。

管线进展：
1、8586 国内，预计25H2国内启动三期；
2、6008 国内，预计25年底国内开展关键临床；
3、戈利昔替尼美国，预计25年底海外NDA。

BD：
1、舒沃替尼，目前积极推进中，我们认为，获批后仍有BD预期，公司有可能自行销售或寻找CSO合作，助力舒沃替尼快速放量。
2、其他分子如6008，随着临床数据披露，我们认为也存在BD可能性。

风险提示：医药行业政策不及预期风险、市场竞争加剧风险、产品销售和推广不及预期、创新药研发进展不及预期等。
联系人：华西医药 崔文亮/查星辰/孙子豪/刘祎"
【华泰电子】持续推荐•海外AI算力产业链,08:47,AI算力,英伟达,HK$15.61,鸿海,¥27.29,Marvell,,英伟达股价新高，鸿海订单能见度至2027年，AI算力需求共振向上，PCB+光模块+光互连领域推荐标的包括Marvell和博通。,Token量爆发，新叙事逻辑开启，AI应用跑通，Agent对Token量的拉动显著，海外算力链估值从周期股演变为稳健成长股。,下半年推理和训练需求共振向上，指引上修大概率，25Q1 Token量加速，AI算力链估值体系改变，首选龙头。,"【华泰电子】持续推荐•海外AI算力产业链

# 英伟达•股价新高
1、Token量爆发
2、新“叙事逻辑”有望开启

# 鸿海•法说会
1、“订单能见度看到2027年”
2、“订单不是问题，产能才是问题”
———————————————
我们认为，这次是一次大的需求向上趋势。下半年：推理需求+训练需求，共振向上。

指引上修，在下半年也是大概率事件

但更重要的是，这次改变的不只是【需求预期】，更重要的是【估值体系】：海外算力链的估值：从周期股，逐步演变为稳健成长股估值。

海外AI应用已跑通，25Q1 Token量加速，只是开始，Agent对Token量的拉大非常明显（Token量，Agent比Chatbot大【两个】数量级）

海外算力【NV链+ASIC链】【都有机会】，首选龙头。
# PCB+光模块+光互连

推荐标的：PCB标的（联系宇舟），ASIC（Marvell，联系皓怡/文富），光互连/光模块（博通/Marvell）

From 华泰电子"
化工当前观点：,08:47,"煤化工,基础化工,新材料",特变电工,¥12.17,宝丰能源,¥16.01,东华科技,¥9.15,新疆煤化工因要素成本低和国家战略支持成为投资热点，基础化工关注供给约束行业如制冷剂、民爆、磷矿，新材料领域看好精细化工公司成长。,新疆煤化工受益于低要素成本和政策支持，基础化工行业供给约束改善，新材料领域精细化工公司成长潜力大。,新疆煤化工项目Q3Q4启动招标金额近5000亿，基础化工和新材料领域公司有望受益于行业趋势和政策支持。,"化工当前观点：
1、中长期策略的视角：旧的范式已经失效，我们认为沿着老路的化工已经难有成长空间，需要寻求新的路径来探索潜在的成长空间。对标美日欧过去20年的轨迹可以略窥一二，依然是向上游寻找更低的要素成本、向海外寻求更大的市场、向新材料寻求更大的技术红利、以及从输出商品向输出knowhow和无形资产转型。
2、新疆煤化工依然值得重点关注。虽然市场担心审批进度，但是就跟踪的情况来看，今年Q3Q4启动招标的项目金额就已经接近5000亿（新疆+陕西）。新疆作为要素洼地，产业资本流向新疆的趋势显然是加速的，尤其看好是煤制气这类既符合企业利益、又符合国家战略的产品。建议关注：特变电工、宝丰能源、东华科技、广东宏大。
3、基础化工方面，周期的反转只能等待，当下依然看供给有约束，格局项目向好的行业，制冷剂、民爆、磷矿。建议关注：巨化股份、广东宏大、新洋丰。
4、新材料方面，化工有希望成长出一批精细化工公司，这是产业发展的必然。除了大家熟悉的白马成长之外，建议关注：康鹏科技、利安隆。"
大家好，欢迎关注建投制药组重磅深度，报告着重回答了市场关切的几个重要问题：,08:46,创新药,强生,¥13.88,阿斯利康,HK$0.06,艾伯维,,报告分析创新药估值处于历史中位，中国创新药全球竞争力突破，IO双抗、ADC、GLP1类资产表现突出。,中国创新药在全球竞争力突破，PS估值提升是必然；IO双抗引领全球创新，ADC从跟随到领先，GLP1类资产快速跟随有望超越。,创新药PS估值显著提升，中国创新药资产在全球市场竞争力增强，有望实现海外授权和销售驱动增长。,"大家好，欢迎关注建投制药组重磅深度，报告着重回答了市场关切的几个重要问题：

1、创新药涨了这么多，现在估值在什么水平？我们怎么看？

我们认为：# 创新药当前估值水平处于历史中位水平，# 但目前中国创新药处于全球竞争力突破时点，# PS估值显著提升是必然。

2、各个MNC有多少钱，到底需要什么资产？

# 本报告梳理了强生、阿斯利康、艾伯维、罗氏等不同MNC的BD思路及具备全球竞争力有望授权出海的创新药资产以及值得关注的程度和原因。

3、中国资产到底有多强竞争力？

我们认为：# 中国IO双抗引领全球创新，# 中国ADC从跟随到领先，# 中国GLP1类资产在快速跟随，也有望超越。

4、加速全球化背景下的选股思路是什么？（具体公司见报告）

1）已授权产品的海外研发进展；2）潜在管线BD预期；3）海外销售驱动。"
# 冲锋：稳定币-RWA,08:46,数字资产与区块链技术,朗新,¥21.95,协鑫能科,¥13.80,鸿博,¥17.28,离岸人民币稳定币信息透露和比特币价格上涨，推动数字资产牛市，重点关注蚂蚁RWA平台和算力RWA相关公司。,官方试探离岸人民币稳定币信息，比特币价格突破11万美金，数字资产市场迎来新一轮牛市，相关技术和平台公司受益。,短期稳定币调整结束，7月份产业加速发展，预计将有更多利好政策出台，推动相关公司股价上涨。,"# 冲锋：稳定币-RWA

【2个非常重磅催化】
1、路透今日收盘后透露离岸人民币稳定币的信息，基本上可以认为是官方在对外试探口风。我们认为香港推稳定币后必然会推rmb稳定币，在正式发行前放风出来基本可以判断监管层在讨论这一方案！

2、比特币重新占上11万美金，很可能拉动新一轮数字资产牛市。（美国上市公司持有比特币二季度环比增长18%）

短期稳定币的调整已结束，随着7月份产业从0到1继续加速，越来越多的重磅利好将接踵而至！现在就是加码之时！

再次强调要聚焦核心，产业不断得到验证是持股和加码的底气！

【标的】
蚂蚁RWA平台【朗新，协鑫能科】
算力RWA【鸿博，奥瑞德，有方，盈峰】
中军及牌照【四方，京北方、南华期货】

（华西计算机 刘泽晶）"
[红包]道氏技术（300409）更新推荐：扩产显著提升盈利弹性，固态材料进展持续加速,01:26,固态电池,道氏技术,¥15.63,,,,,道氏技术扩产阴极铜和钴资源项目，预计增厚净利润2.7亿元，同时推进固态电池关键材料产业化。,公司通过扩产增强战略资源板块生产能力，控制成本提升市场份额；前瞻布局固态电池材料，送样头部企业，推动产业化。,预计25-26年归母净利润达5.38/7.32亿元，同比+188%/36%，PE分别为23倍/17倍，扩产项目有望26Q4投产带动盈利超预期。,"[红包]道氏技术（300409）更新推荐：扩产显著提升盈利弹性，固态材料进展持续加速

[太阳]事件：公司为增强刚果铜和钴资源的竞争力，拟投资建设年产30kt阴极铜湿法冶炼厂项目，投资总金额不超过1.65亿美元（折合人民币11.83亿元，自有资金或自筹，公司账上现金27亿元元），预计年产30kt阴极铜、2710t钴中间品湿法冶炼厂，项目周期18个月。

[太阳]#扩产显著增厚盈利;提升全球市场份额
本次扩张增强公司战略资源板块的生产能力，借助湿法冶炼工艺技术优势和当地资源禀赋，实现原材料采购及加工成本的有效控制，提升规模化效应，提升全球市场份额。按照单吨盈利9000元计算，3万吨阴极铜对净利润的增厚约2.7亿元。

[太阳]#打造固态全材料方案;关注头部客户送样进展
在单壁碳纳米管、硅碳负极、高镍三元前驱体等材料基础上，公司前瞻布局氧化物和硫化物（已经送样B等头部企业）、富锂锰基前驱体、锂金属负极（已经送样领先电池厂商），全力推动固态电池关键材料大规模产业化，后续头部公司固态材料进展有望超预期。

[太阳]#业绩反转高增;建议关注低估值固态标的
我们预计25-26年归母净利润达5.38/7.32E亿元，同比+188%/36%，对应PE分别为23倍/17倍，本次扩产计划实际建设周期13-14个月，有望26Q4投产带动26年盈利超预期，公司固态材料体系进展超预期有望提振估值，建议重点关注，欢迎领导对接交流！"
【广发电新】宁德时代展示全球性固态电池技术优势，宁德时代产业链率先重估,08:46,固态电池,宁德时代,¥265.80,天赐材料,¥18.60,华盛锂电,¥36.20,宁德时代展示全球性固态电池技术优势，重点开发液相法有望降本一半以上，天赐材料、华盛锂电因掌握液态提纯能力被重点培育。三孚新科临近A客户验证尾声，解决硅碳负极膨胀问题。,宁德时代与牛津大学合作展现全球产学研协同优势，液相法开发有望显著降低成本。天赐材料、华盛锂电因技术优势被重点培育。三孚新科技术临近验证，解决关键材料问题。,宁德时代固态电池技术合作预计年底完成工信部验收，液相法开发有望降本一半以上。三孚新科负极集流体方案临近验证，解决掺硅膨胀问题。,"【广发电新】宁德时代展示全球性固态电池技术优势，宁德时代产业链率先重估

市场预期宁德时代公示固态电池技术合作，系与牛津大学Peter G. Bruce签署技术合作（全球固态电池学术前五），展现全球产学研协同优势，完成年底工信部验收项目，相比部分厂商验收有所延期，# 宁德时代再次展现全球性强势创新优势。

围绕宁德时代创新优势，材料方案近期进一步明确，早期燃爆法反馈成本高、工艺难度难以规模化，固相法纯度难以达标，CVD法无意愿推进，# 将重点开发液相法有希望降本一半以上，而掌握液态提纯能力企业当前仅有【天赐材料】【华盛锂电】，因此重点培育硫化锂厂商，配方及材料体系成熟将打通电解质一体化。

硅碳负极延续原供应商天目先导、兰溪致德，负极集流体正在积极探索，保守方案雾化或多孔铜箔【德福科技】，正在开发4.5μm超高强度匹配，中性方案借鉴原先发布会凝聚态电池配套的泡沫铜方案改进为3D铜箔，唯一方案提供方【三孚新科】临近A客户验证尾声，一劳永逸解决掺硅30%到100%的膨胀问题，激进方案不锈钢镍合金方案参照【远航精密】等，# 在硫化锂、负极材料方案日益明朗后负极集流体将是下一阶段材料设计最大悬念。"
【中金军工】卫星互联网：拐点清晰，底部坚定看好,01:26,卫星互联网,中国卫星,¥28.26,臻镭科技,¥45.84,铖昌科技,¥39.23,卫星互联网行业迎来加速发展拐点，重点关注卫星制造、火箭发射及地面应用领域的相关公司。,一代增强建设方案资金到位，技术方案稳定，二代系统关键技术验证成功，预计将提前核准，组网发射问题已解决，预计密集组网。,预计从本月下旬开始至年底，将以月均至少1次的频次密集组网，二代系统立项核准时间有望从26年上半年提前到今年年底。,"【中金军工】卫星互联网：拐点清晰，底部坚定看好

部分投资者对产业变化仍有疑虑：认为一代增强资金未实际到位、担心招标推迟、传言技术方案调整。综合多方面变化，我们认为行业已经迎来加速发展的拐点，起步阶段应该坚定对板块的信心：

1）今年二季度，一代增强建设方案已通过主管部门核准。经多方验证，系统建设所需的资金已经到位，后续将启动组网星招标，尽快推动研制、组网。

2）一代系统已发射34颗组网星，目前不存在影响后续发射的技术问题。一代增强系统技术方案将基本继承一代系统，不存在技术方案的调整，单星造价预计也和一代系统平均造价基本相当。

3）二代系统已完成4颗试验星发射，关键技术已通过在轨验证，目前正在推进二代系统立项核准工作。乐观情况下，核准时间有望从原本预期的26年上半年，提前到今年年底。

4）近期XW集团将启动一代系统地面应用终端招标，涉及手持、车载、机载等多种类型，应用院、应用公司等主体正全力推动典型应用落地和重点客户保障。

5）影响组网发射的火箭、卫星等问题已解决，我们估计正常情况下，从本月下旬开始至年底，将以月均至少1次的频次密集组网。

——————————

🔥建议关注：
（1）卫星制造：#中国卫星、臻镭科技、铖昌科技、陕西华达、西测测试
（2）火箭发射：#高华科技、斯瑞新材、航天动力、泰胜风能（风光组覆盖）
（3）地面应用：#中国卫通、海格通信、国博电子

❗风险提示：卫星发射和市场推广进度不及预期

欢迎联系交流：刘中玉/刘婧/李舜尧"
